,참교육,브랜든,요리GO,히어로메이커,평범한 8반,삶이 우리를 속일지라도,야생천사 보호구역,"선배, 그 립스틱 바르지 마요",바이러스X,사장님을 잠금해제,꿈의 기업,서브 콤플렉스,침범,왕따협상,와이키키 뱀파이어,정보전사 202,이탄국의 자청비,이중첩자,원하는 건 너 하나,여기 악마가 있어,인간의 온도,보살님이 캐리해!,잔불의 기사,여신강림,엽총소년,하루만 네가 되고 싶어,사신소년,신도림,위아더좀비,삼국지톡,악인,빌런투킬,태시트,윌유메리미,아이레,견우와 선녀,용왕님의 셰프가 되었습니다,"플레이, 플리",한강예찬,빅맨,별종,오파츠,빛빛빛,열녀박씨 계약결혼뎐,조선홍보대행사 조대박,자판귀,나의 플랏메이트,안식의 밤,언메이크,장단에 맞춰줘!,고수,급식아빠,모죠의 일지,튜토리얼 탑의 고인물,세상은 돈과 권력,남주의 첫날밤을 가져버렸다,여주실격!,연놈,고삼무쌍,나쁜사람,정순애 식당,미래의 골동품 가게,마른 가지에 바람처럼,마녀와 용의 신혼일기,각자의 디데이,사상최강,아도나이,새벽 두 시의 신데렐라,이츠마인,더 트웰브,얼굴천재,속보입니다,인터셉트,스캔들,시효완성,천도,평화선도부,기억흔적,독립일기,더 복서,이두나!,화이트 블러드,정글쥬스,하드캐리,무사만리행,꽃만 키우는데 너무강함,트롤트랩,신비,던전 씹어먹는 아티팩트,어차피 남편은!,루커피쳐,달의 요람,시월드 판타지,별을 삼킨 너에게,오일머니,성스러운 아이돌,겟라이프,집사레인저,유리와 유리와 유리,미드나잇 체이서,카루나,바른탕진 프로젝트,헬프미,악령주의보,수영만화일기,갓 오브 하이스쿨,재혼 황후,1초,똑똑한 나 인증,히어로 킬러,낙향문사전,세기말 풋사과 보습학원,뫼신 사냥꾼,그 기사가 레이디로 사는 법,난약,상남자,구남친이 내게 반했다,고래별,가슴털 로망스,금혼령-조선혼인금지령,피와 나비,후덜덜덜 남극전자,도롱이,꽃 피우는 남자,도무지 그애는,백년게임,진짜 정말 맹세코 좋아해,나쁜 쪽으로,스윗솔티,강림전기 개정기,매지컬 메디컬,호랑이형님,취사병 전설이 되다,초인의 시대,노곤하개,스터디그룹,청춘 블라썸,아홉수 우리들,나이트런,어글리후드,탑코너,두번째 생일,왕년엔 용사님,남자주인공의 여자사람친구입니다,군주,광해의 연인,태백 : 튜토리얼 맨,내게 필요한 NO맨스,좋은데 어떡해,동네몬스터,팔려 온 신부,아테나 컴플렉스,피노키오 소녀,도사 가온,"안녕, 이바다씨",언플래시레슨,아침을 지나 밤으로,인간졸업,누군가의 로섬,어른의 계절,싸움독학,열렙전사,입학용병,테러대부활,도망자,천하제일인,"곱게 키웠더니, 짐승",오로지 너를 이기고 싶어,살아남은 로맨스,합격시켜주세용,인어를 위한 수영교실,가비지타임,AI가 세상을 지배한다면,로어 올림푸스,판사 이한영,학교정벌,조선여우스캔들,결혼까지 망상했어!,동생친구,데빌샷,두근두근 연극부,오늘 밤만 재워줘
artist,"
							채용택 / 한가람","
							d몬","
							HO9","
							빤쓰","
							영파카","
							김지수","
							루시드","
							까페라떼 / JINHA","
							준 / 하랑","
							박성현","
							문지현","
							소이","
							공세리 / 영영이","
							아이아리","
							요니요니","
							이작가","
							김보람, 고을원 / 나넷","
							피숙혜,하연 / 옆집찰스","
							달콤J,박성실 / sage","
							맷집왕","
							이재익 / 양세준","
							성코 / 콩자","
							환댕","
							야옹이","
							김칸비 / 홍필","
							삼","
							류","
							오세형","
							이명재","
							무적핑크 / 이리","
							광탄토 / 마두르","
							퓨핀 / 은지","
							김다찌","
							마인드C","
							설이 / Team 설이","
							안수민","
							문백경,옥 / 카라쿨","
							이에프","
							김8","
							하하영","
							이무기","
							성진 / 부겸","
							수진","
							김너울, 안젤리크 / 닷다","
							김양수","
							윤정민","
							산삼","
							연제원","
							박화랑","
							햇님","
							류기운 / 문정후","
							김재한","
							모죠","
							방구석김씨 / 루비","
							한동우 / 이도희","
							황도톨,티바 / MSG","
							기맹기","
							상하","
							B급달궁 / 하마","
							둠스","
							아르몽","
							구아진","
							달새울 / 화음","
							뉴릉이 / 디망","
							오묘","
							황규영 / 이단아","
							주동근","
							산차","
							럭스","
							공현곤","
							지에이","
							밀카 / Z6","
							임주이","
							달콤J,티바 / 도그","
							삼바, 미스터리 / 담","
							진작","
							최경민 / 용성","
							브라보 장","
							자까","
							정지훈","
							민송아","
							임리나","
							형은 / 쥬더","
							조양","
							운 / 배민기","
							쿰타타 / 주현후","
							유비","
							반지","
							제로워터, 엄키 / 엄키","
							찡나","
							효정","
							이정선","
							진돌 / 히디","
							ARI","
							정하용 / 펜촉","
							스튜디오M / 악사","
							MOOHAK","
							현실안주형","
							요엔","
							석재윤","
							강호진","
							점삼","
							철준","
							토마토모닝","
							해오","
							박용제","
							알파타르트,히어리 / 숨풀","
							시니 / 광운","
							모죠, 조용석","
							꿀벌 / 벌꿀","
							바킹독 / 고기산적","
							순끼","
							윤현승 / 방승현","
							성혜림 / Ink.","
							정현주 / 박진환","
							도가도","
							강하다 / 희똑","
							나윤희","
							갸오오","
							천지혜 / 산책","
							레민","
							김민혁","
							사이사","
							양하","
							게코","
							하람 / 지야","
							개차반 / 잠괴물","
							오은 / 이세릴","
							달삐","
							철무장미 / 장군","
							지공","
							이상규","
							제이로빈 / 이진수","
							섭이","
							홍끼","
							신형욱 / 유승연","
							홍덕 / NEMONE","
							수박양","
							김성민","
							미애","
							윤성 / 라군","
							스프링","
							고샤 / 솔렘","
							류희온 / 카콘","
							박산하","
							유오디아 / 러시","
							이난 / 백세","
							마그네슘","
							여은","
							이현민 / 이세형","
							지기, 시크크 / 지기","
							케이사르","
							망순","
							김상민","
							문나영","
							현","
							손지은","
							진자 / 정생","
							방농구","
							선홍달","
							박태준 / 김정현","
							김세훈","
							YC / 락현","
							한동우 / 고진호","
							신영우","
							권순규 / 신권이","
							이른꽃,티바 / 여슬기","
							아마도지 / 사삭","
							이연","
							이온","
							용찬","
							2사장","
							POGO / HOOPA","
							레이첼 스마이스","
							문성호 / 전돌돌","
							나락 / 지앤","
							문종호, 차소희 / 정후","
							문주","
							님니","
							CTK","
							김태경","
							해번 / 유나나"
score,9.85,9.77,9.97,9.91,9.89,9.89,9.98,9.84,7.16,9.95,9.94,9.92,9.78,9.75,9.96,9.85,9.86,9.94,9.9,9.8,9.89,9.93,9.83,9.12,9.95,9.98,9.94,9.93,9.95,9.86,9.87,9.85,9.78,9.89,9.92,9.98,9.98,9.97,9.98,9.88,9.93,9.86,9.96,9.92,9.92,9.88,9.97,9.9,9.85,9.88,9.91,9.82,9.98,9.81,9.94,9.97,9.98,9.39,9.67,9.8,9.98,9.98,9.99,9.97,9.98,9.91,9.88,9.98,9.94,9.98,9.83,9.95,9.94,9.93,9.58,9.9,9.69,9.83,9.97,9.93,9.96,9.95,9.95,9.93,9.93,9.96,9.92,9.98,9.89,9.84,9.94,2.79,9.97,9.92,9.96,9.97,9.94,9.93,9.96,9.54,9.85,9.9,9.67,9.76,9.66,9.66,9.98,9.98,9.67,9.87,9.95,9.98,9.94,9.87,9.95,9.97,9.57,9.98,9.95,9.95,9.92,9.88,9.96,9.96,9.96,9.91,9.94,9.95,9.98,9.84,9.83,9.93,9.09,9.88,9.98,9.95,9.97,9.98,9.37,9.98,9.83,9.02,9.94,9.94,8.37,9.95,9.93,9.98,9.96,9.93,9.95,9.93,9.83,9.91,9.96,6.23,9.94,9.77,9.94,9.43,9.66,9.77,9.94,9.91,9.84,9.87,9.98,9.97,9.97,9.99,9.98,9.97,9.93,9.98,9.88,9.83,9.9,9.96,9.84,9.97,9.41,9.82
best_comment1,저 선생이 얼마나 쓰레기였든 한예리는 세탁 불가한 인간말종인건 확실함,이제 저 종족은 올미어를 신으로 추앙하며 발전하겠네,윤인턴이 찔렀다 👍강사원이 찔렀다 👎,하긴 여태 패륜왕이 했던 짓 생각하면 다른 나라 입장으로 봤을때 눈물날 만 하지,성훈이가 생각하는게 참 깊네,ㅁㅊ 흑화한 작가님 궁금하다,귀여움에 홀려 여기까지 결제했다...,난 너만을 사랑하고 내 마음속에는 너뿐이야 근데 결혼은 친구동생이랑 할께 하지만 내 곁에는 니가 있어야해 내 곁에 있어줘(???) 말로 똥을 싸네 ㅎㅎ 뇌가 젤라틴으로 만들어졌나 ....,고구마하나 겨우 씹어 삼키나 했더니 더 퍽퍽한 고구마가 입에들어오네;;,와 씨 순간 세연씨 진짜 흑막팀인줄 알고 식겁했네,세상에 교복리사를 저렇게 쓰네. AGI가 먼저 처리하는건 제일 많이 까분 교복리사일테고 그걸 처리하는과정을 리더리사랑 무뚝뚝리사가 보면서 학습할려고?,작가님..이렇게 급전개하기있기요없기요..?문좀 열어주세요..네?..작가님..둘다끼고살자니까요,empty,유환웅이 친구그렇게 만들고 엄마한태 덤태기씌운거네ㅋㅋ 윤정이 힘들겠지만 사실전하고 흑화막아야된다..,"""날 사랑해주세요 내가 평범한 사람이어도, 당신을 슬프게 하는 괴물이어도,그저 내 곁에서 있는 그대로의 나를 끝까지 나를 사랑해주세요"" -와이키키 뱀파이어 중-",만신 이작가,청비 태권도 연습하는거보고 더 반하는거 아니냐 ㅋㅋㅋ,소설 보신분들 진짜 로맨스 가능한가요..?,니 애란다..!!,인간 최초로 악마한테 빅엿 먹인거 아님?,empty,저게 걸작이면나는 잘 그리는 건가?,첫화에서 팔짱끼고 있던게 싸울줄을 몰라서 그런거구나ㅋㅋㅋㅋㅋㅋㅋ,"""2명이요""""아니 학생,혼자 타면서 왜 두명 요금을 내?""""제 마음속에는 항상 수호가 살고 있기 때문이에요""-잔액이 부족합니다.""한명이요""",여기까지 지른 호구가 아닌 참된 소비자 체크합니다,진짜 유전자..오진다,잼민들을 위해서 간단하게 설명해줌 한국의 소드마스터 척준경은 혼자서 적진에 말타고 가서 인질 구해내고 갑옷이랑 칼만 든채로 성에 올라가 적들 다 죽이고 성문여는 사람임ㅋㅋㅋㅋㅋ,천둥 이새끼 림춘썰듣고 컨셉 새로잡았네ㅋㅋㅋㅋ,앜ㅋㅋㅋ 주인공 넘 귀여운데 웃겨 미치겠네ㅋㅋㅋ,"""조조, 좋은 얼굴 하지 않다"" ㅋㅋㅋㅋㅋㅋㅋㅋㅋㅋㅋㅋㅋㅋㅋㅋㅋㅋㅋㅋㅋㅋㅋㅋㅋㅋㅋㅋㅋㅋㅋㅋㅋㅋㅋㅋㅋㅋㅋㅋㅋㅋㅋㅋㅋㅋㅋㅋㅋㅋㅋㅋㅋㅋㅋㅋㅋ",예린: 소름돋을거 같은데?,여러분 왜 6화에 가장 댓글이 많은줄 아나요? 나쁜 양아치들이 전꺼 보지도 않았으면서 바로 마지막으로 가서 흑우 없제~~ 이랬기 때문이에요 ^^,몰래 이방인 데리고와서 친구죽고 아빠 삼촌 곤란하게 하고 안전지대 사람들 위험하게 하고 이방인마저 위험하게 생겼는데 방긋방긋 잘웃네 싸이코인듯,경사라면 형님과 형수님의 2세!?축하드립니다다음화가 궁금합니다ㅋㅋㅋ 오타가 발견안되고 갔으면 어떤반응 하셨을지도 궁금하면서도 사장님이 꼼꼼하시네요 한번더 확인 하시고,지금까지 아이레를 사랑해주신 독자분들께 감사드립니다. 다음 작품은 탑툰에서 아잉왜이레로 연재하겠습니다.,이세계관에 애비라는 새끼들은 다 멍청이야,아ㅋㅋ 저 밥상이면 밥 두공기 뚝딱이지ㅋㅋ,진짜 표절해봤자 결국은 더 잘하고 실력있는 사람이 이기게 되더라고요,당장 Tvn은 이 만화를 드라마로 만들어라.,애초에 쪽수가 많은상태에서 한명한테 쫄 정도인데 그게 일진이야?,나 방금 사별했잖아? 에서 소름 쫙돋았다,주먹 넣을게,아니 그럼 학교도 자퇴하고 프로게이머도 은퇴하고 지금껏 누나랑 누나 애 뒷바라지 해주면서 산거야??윤오야 얘기 좀 해봐봐 이것아악,여주ㅋㅋㅋ 은근 답답한 면(?)이 있으면서도 할 말은 다 하넼ㅋㅋㅋ,금난전권:육의전을 비롯한 한성 내의 37개 시전들이 도성 안팎 10리 이내에서 난전을 금지시킬 수 있는 권리,현우가 CD가져가서 현선이 반납 도와주는 줄 알았는데빨리 돌려 받으라는 거 보면 진짜 잃어버렸나보다ㅠㅠ어떡해....,밤머리 남아있는 것도 밀어버린다 진짜,오꽝이가 경찰에 붙으려나? 이것말곤 답이 안보이는데...,주인공이랑 아저씨 언제 나와!! 와서 멋있게 구하는 장면 나왔으면,초콜릿 레시피1. 초콜릿을산다2.중탕에 녹인다3.이쁜 틀을 준비한다4.번은 개인주의야5.냉동실로 얼린다6.남친에게 줄준비를 한다7.생각을 한다8. 아맞다 나 남친 없지,양정학 개그캐 됐노 ㅋㅋㅋㅋㅋㅋㅋㅋㅋㅋㅋㅋ 아 원래 아가리파이터 개그캐였지..,ㅈㄴ 카리스마 있어!,왜 찾아와서까지 응징햌ㅋㅋㅋㅋㅋㅋㅋㅋㅋㅋㅋ,다음화에 꿀밤때린다에 1표거는 사람 추천 눌러라,아니 둘 다 갈고리 한 방씩 꽂혔는데지서재는 멀쩡하고 단건우는 병약하게 죽어가는 게대조적인 걸 넘어서 너무 웃김ㅋㅋㅋㅋㅋㅣㅋㅣㄱㅋㅋ,"리플리 낭심킥보고 순간적으로 ""잘한다 내새끼!"" 육성으로 외칠 뻔",그와중에 조조 남의집소파에 앉고 제야가족들은 바닥에 앉은거 ...ㅡㅡ 조조 개싫다,이거 방리나랑 풀리고 외적 브로콜리 혼자 남은거 아니냐?,와우 친구들 빡빡이 아저씨야! 오늘은 근손실 예방을 알아보자!,이제 작가님도 수진이 완전히 발암캐릭터로 결정하셨구나 ㅋㅋㅋㅋㅋㅋㅋ 그냥 이번화엔 대놓고 고구마를 들이붓네,앜ㅋㅋㅋ민희ㅋㅋㅋㅋ첨엔 얄밉캐인줄 알았는데 진짜 단순하고 눈치가 조끔없던 아이였던거야ㅋㅋㅋㅋ넘나 귀엽네ㅋㅋㅋㅋ,스승님 말씀 읽다가 비문학 지문 읽는줄 알았어요ㅜㅜㅋㅋ 칠성이처럼 잠들뻔. 칠성이가 드디어 현현했고ㅠㅠ 부부의 연을 맺고ㅠㅠ 연화를 구하러 가는군요. 어흑 언젠가 미래와 꼭 한번만 만나서 인사라도 했으면 좋겠어요.. 이제 다음화부터는 진짜 미래의 이야기가 펼쳐지겠네요. 분량 조금 줄여도 되니 몸 챙기셔요 작가님 늘 잘 보고 있습니다. 제 지식으로는 온전히 스승님의 말씀이 다 이해가 안가 서글퍼요. 유일하게 공부하고 싶어지게 만드는 웹툰입니다.,작가님 유모차세요 ? 왜이렇게 애를 태워요...,미안하다 케인생각보다 첫인상이 별로구나,저 친구는 5분이랬다가 몇 주를 도서관을 지켰습니다...,너 칼 안통하면서 그동안 왜 피했냐,확실한 건 린다랑 한주는 아도나이를 안 믿는다는 거네,영화가 아니라 영화보는 누나 모습이 좋았던 거예욤ㅎ,아아 안돼요ㅠㅠㅜㅠ 유성이 숨은 붙어있게 해주세요ㅜㅜ 요한이 멘탈 무너질까 걱정이네ㅠㅠ,진짜 분위기상 이런말하면하면 안되는데 서아신 거북목인듯,담주에 비키니 안나오면 네이버 본사에 똥싸지르러 갑니다,아니요.,남자는 착한거 같은데 엄마태도가 너무 선넘는듯,진짜 띵작인데 왜 하위권인지..,코난 범인 생각남 ㅋㅋㅋㅋㅋㅋㅋ 나한테 있지롱~,현성이가 소중히 여기는 사람 다 돌아가시네ㅠㅠㅠㅠ아저씨랑 청이ㅠㅠㅠ,주인공 말리다가 양쪽으로 쳐맞지만 마렴ㅋㅋ,3달뒤에 오더라도 사진만 보여주고 가요...,매일 집앞 같은 역을 나가는데 아주머니가 천원이 없어서 집에 못간다구 하셔서 드렸어요. 근데 다음날도 계시더라구요 또 달라하시길래 어제 드렸는데 아직까지 못가셨어요?라고 말하니까 다른데로 가심ㅋㅋㅋㅋㅋ,여기서 가장 불쌍한 사람은?1.K의 야망의 희생양이 된 유2.평생 K를 따르다가 다친 비서3.불우한 환경 속에서 큰 산토리노 형제4.유한테 처맞는 산토리노 마르코5.입대하는 나,사과하는 사람 태도가 저게 뭐냐..?,아니 짝퉁이 뭔 요령으로 자꾸 순혈을 컨트롤 하는거임,근데 이런 스토리는 마교수같은 사람이 악당이던데,내프로게이머 인생은 이렇게 끝난다 보니까 앞으로 그냥 감독같은걸 같이 하거나 언젠간 수술하고 재등장 하지 않을까 하고 남재이 코인 미리 사겠습니다,나루가 싸워서 이기는거보다 황제가 베르니우스를 어케 조질지가 기대되는 1인,꽃을 키우고 싶어서 험악함에 올인했습니다,청룡이 저 생각 못한건 너무 지나치게 강한힘을 타고나서 그런듯. 코끼리가 위빙하는거 봄? 그냥 타고난 덩치로 몸박하면 끝이지 딱히 머리굴려서 상대를 이길필요가 없음. 근대 설백은 타고난 힘이 원래 워낙 작아서 다른 설씨들하고 다르게 공기 중 수분을 얼리는 단계는 도달하지 못했기때문에 한정된 물을 가지고 얼음의 형태를 계속 바꿔가며 육탄전으로 싸우는 방식이 가장 효율적이었음. 워낙 약하니까 머리를 많이 굴려가면서 다양한 기술폭으로 싸운거고.최근엔 활력까지 배워가면서 한정된 얼음을 효율적으로 쓰거나 육탄전도 강해진데다거기에 청룡 힘까지 받았으니 위빙하는 코끼리가 탄생함.,난 저 아주머니 마음 이해는 감... 사랑으로 감싸주긴 어렵지,말해줘도 개 ㅈ 랄 이네,알고 보면 아파트 동창 저남자가 180° 변해서 나타난 전남친 아니냐?,도원이 사투리 짜릿하다...,근데 님들 그거알아요?붉은여우랑 그림체 의혹 붉어지니까 캐릭터 뒤에 붉은배경의 빈도수가 줄어들고있음작가도 그거 의식했는지 덜어내고있는듯ㅋㅋ,악마가 해피앤딩이 아니라고 하는건 최고의 칭찬 아닌가??,하준파는 시끄럽게 일어나주시고 우린파는 조용히 ㄲㅈ세요,하 진짜 캐릭터에 잔정없이 딱딱 죽이는 전개 너무 좋다,신도 23호ㅋㅋㅋㅋㅋㅋ난 그럼 2809호 정도일까나ㅋㅋㅋ,카잔 팔 불안하다 전에 그 고치던 놈이 나사 하나 풀었던 거 같은데,"수업 시간에 존경하는 인물을 말하라고 하자모두 역사 속 위인을 말하곤 했다.그러던 중 선생님이 내게 물으셨다.""존경하는 인물이 누구니?""최호열""응? 그게 누구니?""아아- 모르는가. 여기는 전부 되다만 사람들 뿐이다."" 설명을... 좋아하는 49세 아저씨 입니다. """,저렇게 능글맞은 애가 파란유리 앞에선 어버버 하다니... 검은유리는 얼마나 얼척없겠어,얼굴 안나와서 진짜궁금해서 오랜만에 질렀는데 역시 미드나잇은 부담없이 무료만보자,지기 싫다니 ㅋㅋㅋㅋ 라만 너무 귀여운거 아니예요,준희가 처한 상황이 너무 안타깝다ㅠㅠ직장 사람들은 왜 이렇게 남의 관계에 관심이 많을까준희는 남대리한테 아무 관심도 없는데..,꿀잼,작가님 무슨일 있으신건가요 ㅠㅠㅠㅠㅠㅠ아프시면 휴재하셔도 괜찮아요 ㅠㅠㅠㅠㅠ,베도에서 부터 봤는데 드디어 정식이네요!!,"갓오하 알아두면 좋은상식1. 마이트레아박무봉의 준말은 '여래봉'이다.2.진모리 용포, 호리병은 부셔졌다.3.한대위 전력은 전성기 옥황 그 이상이다.(기술+차력+육체+정신)4.유미라 전력은 사슴보다 조금 이상이다.(여래제자 4명정도의 힘)5.여래봉은 한번 죽기 직전보다 쎄다 (제천대성이 여래 꺾을 수 있던 까닭은 선지자 섭취였지만 여래봉또한 선지자를 섭취했다)6.한창 7점대 달릴때, 박일표 열쇠조각 얘기가 나왔는데 직접계약 후 한컷도 나오지 않은걸로봐서 사라진걸로 보인다.7.우마왕이 육체를 찾았다면 룡정도는 저녁11시에 시켜먹는 치킨수준으로 섭취가 가능하다.(룡이 필살기를 써봤지만 우마왕 신체 절단은 커녕 볼에 상처뿐)SOON1.사탄이 진모리와 헤어질때, 오딘의 애마를 타고 ~에서 만나자고 했다2.우마왕♡백승철 커플이 달에 가서 여래의 부활을 막겠다 했지만 현재까지 나온게 없다.참고로 저는 갓오하 정주행 7번 했슴다..20분동안 써서 배댓타이밍 늦네요ㅠㅠ","막컷,,연애 편지 쓰는 10대 같다 진짜",ㅋㅋㅋㅋㅋ 공익도 미래보누,선생님들 말씀top31.카메라 키세요.2.ㅇㅇ이 한테 연락좀 해보렴.3.화면 잘 보이니?,아무리봐도 저 둘보다는 제이드가 훨씬 센 것 같은데 제이드는 걍 상성빨로 이긴건가?,자기무공 아니면서 무단배포하네;;,스'미애'들어,서리는 늑대였구나 저 늑대 무리의 대장 흰늑대,아니 근데 남주 처음 보는 사람한테 전나 무례하네 ㅋㅋ,여기서 소천 떡밥 하나 밝혀졌네요. 진랑이 선인의 부탁으로 선인의 아이를 지켰다는 장면에서 소천 나오는 것 보니 소천이 인간 세상에 맡겨진 고위 선인의 딸인듯.,진심 300원 웹툰들 요즘 늘어나던데 이정도아니면 돈아깝지,다음화는 태오가 노래 부르다가 나봄이랑 눈 마주쳐서 또 머쓱해 하다가 눈치 있는 친구가 자리 비켜줘서 태오가 나봄이한테 고백할 것 같네요 그리고 나봄이가 고백 받아주고 회사에서 둘이 꽁냥거리다가 유리가 빡쳐서 태오한테 고백하고 태오는 유리가 자기 좋아해서 나봄이 괴롭힌 걸 알고 유리한테 화 낼 것 같아요 어쨌든 태오랑 나봄이 잘될 것 같아요만약 태오랑 나봄이가 다음화에 사귀지 않으면 네이버 본사 앞에서 똥쌀거에요,"근데 냉정해보이지만 해수 말이 맞음. 현실적으로 연경을 구하는 일은 불가능에 가까움. 연경이 스스로 혀를 끊을 정도로 간절히 원했던 거사를, 연경의 의지를 이어가는 게 맞는 거라고 봄.....","여러분, 안하는 것과 못하는 것은 다릅니다",이야 백성들 눈치 오지네 바로 중전마마라고 부르네ㅋㅋ,아니 초딩한테 곰방대를 주네,마지막컷 보니까 보통 저러면 회사돈 횡령하고나 사체 추가로 져서 인생 파탄나는 스토리로 진행되던데 ㄷㄷㄷ 도박과 주식의 무서움,삼복이 나름 정의라 생각했던 것이 하등한 생명체로 남게 된 이무기 입장에선 역겨운 인간의 자아도취였네..,슬리퍼라도 사주세요..일단 오늘 제가 200원 보탰습니다,"마음에 안 드는 거 생기니까 바로 야, 너 거리는 것 좀 봐... 에휴",할머니가 주최자 이긴듯,이사벨살려주고 본부애 뒤통수쳤네,근데 현실적으로 걱정되는게 사실이긴함..아무리 무능한 엄마라도 친구들보다는 경제적으로 지원해주는게 있을텐데 이제 고3도 얼마 안남은것같은데 반년만참고 대학가서 연끊어도 좋을것같은데ㅜ불안불안하다..,뭐야... 나만 주인연두에 진심였지... 나만 진심였지...,저렇게 역할반대로 가면 나중에 악귀같은것도 데려오는건가??? 안된다 천년만년 잘 살아라ㅠㅠ,보라처럼 다리 돌 되는줄 알았는데 디스크라니 다행이야 불행이야??,"이령도 스스로 시가 없는게 더 본인한테는 이득인걸 알고 있음. 그럼에도 시를 계속 만드는 이유는 그간의 이령 행적을 보면 유추 가능함. 괴력난신편에서 이령이 추이하고 싸움을 끝내고, 추오 형이 자폭했을 때 이령이 죽음을 불사하며 대장을 지키는 부하를 가진 추이를 부러워하며, 품에서 금강저를 꺼내들고 시들한테 굉장히 실망해하며 서운해하는 장면이 있음.또 이령은 아린한테 굉장한 열등감을 가진 것 처럼 보이는데, 아마 어렸을 때부터 항상 아린과 비교당하며 자랐을거임.이를 종합해보면, 이령이 시를 만드는 이유는 오로지 자기만을 지키고 끝까지 자기를 최고로 생각해줄 진정한 자기편이 필요해서임.이령 이색기 애정결핍임ㅠㅠㅠㅠ 불쌍한 놈...ㅠㅠㅠ",자기가 모자란 걸 인정하고 나아가려는 모습... 너무 보기 좋다 희철아 성재보다 널 더 응원한다,이반새끼 질 거 같으니까 입터네,고양이들 힘 진짜 쎄고 지치지않음 ㅠ 하나꽂히면 걍 저 문열때까지 포기란없는것...,"* 삼촌의 금지기술제 1기술 - 일방적인 구타 (27화 최초사용)제 2기술 - 언페어 플레이 (50화 최초사용)제 3기술 - 쐐기 (115화 최초사용)제 4기술 - 0인치 펀치 <분경> (64화 최초사용)제 5기술 - 맹룡과강 5연각 (47화 최초사용)제 6기술 - 당산대형 드래곤 킥 (42화 최초 등장 , 50화 윤가민 최초 사용)제 7기술 - 정무문 (88화 최초 사용)제 8기술 - 사망유희 쌍절곤 연무 (62화 최초 사용)제 9기술 - ???제 10기술 - ??? (76화 사용할뻔)",결말이 정해진 이야기를 보는게 이렇게 슬픈 거였다니,어....만화는 만화로...ㅋㅋㅋ..병원에서 저러시면 안됩니다,배틀오우거 이름만 보고 어디 작은 행성에서 뒹굴던 고만고만한 영식인줄 알았더니 시온이 직접 상대하던놈이였음?? ㅋㅋㅋㅋ히페리온도 미스틸테인 같은 쉽사기 무기는 하나만 썼는데 쟤는 두개나 쓰는거 보면 진짜 시온이 직접 싸우던놈 같기도 하고...,뭘봐ㅋ이라니 하나도 안 변했어ㅠㅠㅠㅠㅠㅠㅠ 센까지 어두워졌으면 오열했음ㅠㅜㅠㅠㅜㅜㅜㅜㅜㅜㅜㅜ,짝녀때문에 하고있으면서 왜 폼잡고있냐고 아ㅋㅋㅋ,지금 이걸 보고 있는 나도 내가 아닌가 라는 의심이 들기 시작,명옥씨 결국 그때가 싫고 돌아가고싶지 않다고 말은 하지만 그 일로 인해 겪게되었던 일들이 고통스러워서 다시 가고싶지 않았던것뿐이지 그때 모험했던 그 경험 자체는 큰 기쁨이고 즐거움이었구나... 반짝반짝 빛나요 명옥씨..ㅠㅠ,그래도 스텔라 이 정도면 착한 거 아님? 옆 동네 랍스터는 정말..,저 노란머리 언제 벌크업 됬냐?ㅋㅋ 저번에 싸울때만해도 저게 프로인가? 했는데ㅋ,"나만그런가 경민이가 혼이 걱정되는건 알겠는데, 궁의 법도 같은게 있을텐데도 좀 막무가내인 느낌이 있음..",게임에서의 '신규'란 그 속에 '벨붕'이라는 의미가 담겨있다,아연이가 정우랑 결혼했을 때엄마 아빠랑 어떻게 만났어?니 아빠가 엄마 차로 들이박은 후 만났단다시은이랑 결혼했을 때엄마 아빠랑 어떻게 만났어?니 아빠가 어느날 분위기 잡고 고백하더라 알고보니 엄말 10년동안 좋아했는데 엄만 몰랐다ㅋㅋㅋ이루랑 결혼 했을 때엄마 아빠랑 어떻게 만났어?퇴근 하고 집가려는데 니 아빠가 엄말 스토커로 오해하더라 내 남편이지만 그땐 한 대 쥐어밖고 싶었어,선배 저 선배 믿어요 나쁜 사람 아니죠? 저 진짜 선배 이미 결혼까지 생각했는데 아니죠?? 네????,박신도 잘가라.... 금지어 를 사용했네 협박도 통하는 상대가있는디...,혼수도 보러 가요 나으리,뭐지 포세이돈한테 포로를 맡긴거야? 그래서 바다속 애들중에는 포세이돈 편이 없던거야? 그래서 메두사도 그렇게 된건가 포세이돈 처음부터 버리는 패였어??????,empty,아니 이러면 가온이 무조건 마도사 같잖아 ㅋㅋㅋㅋㅋㅋ,남친이 가르쳐 줄땐 거절하고 다치기만 하더니 이젠 잘만 들어가니까 그러치....,"털선이랑 밑그림,그래프가 좀 부자연스러워서 그렇지 스토리는 탄탄하고 막힘없이 나가는게 재밌고 좋은듯👍","에이미 눈, 뮤탄트 눈 같은 색이고 에이미 머리색 하얀색에서 검정색으로 변한 것도 뮤탄트랑 같으니까 뮤탄트가 에이미 오빠 에이사..?",경민이 주위 사람들 어이가 없네,영감탱지대짱나,"사실 근무하는 피시방에 확진자 동선이 떠서, 잠시 문을 닫는다길래 검사 받고 집에서 격리중이에요. 간만의 여유에 밀린 웹툰을 몰아보다 다섯화나 밀려 보게 되었네요! 제자리를 걷는듯해 답답하던 마음이, 저번화의 ‘실패하려고 하는거에요, 더 오래 하고싶거든요’ 라는 말에 눈녹듯 사라져버렸고, 이번화의 웃으면서 게임하는 장면에서 뭔가 안심이 되기도 했어요 :) 늘 건강 조심하시고 응원할게요 좋은 작품 감사드려요!",그냥 둘다 휠체어 타면 안될까,마지막 한수아 라이트 절대신이네.. 와중에 성공이만 쏙 빼놓은거봐 ㅋㅋ 진짜 무쓸모긴 한가보다,이진이 속마음 : X바 X나 멋잇어 이러니 여자들이 뻑이 가지,바이올렛도 막을수 없고 오직 각성한 선지자만 막을 수 있다고? 석환이 떡상 각 아니냐?,무대야 뭐라도 좀 해라.... 엄마는 우리 아들 무대 믿어...!!,추운누나가 두명이.. 이게 봄에 온다는 곱셈추위군요.,이제 에이몬이 사람으로 변신해서 공주님 안기로 대려가자,이제 사귈 때 돼지 않았냐,근데 ㄹㅇ 송리나 세계관 최강자 아니냐어케 좀비를 맨손으로 뚜드려 패면서 안물리지진짜 가슴이 웅장해진다,아 제발 김서방부터 다 풀고 최판서로 넘어가자고...,와 이슬이 장발 이쁘다,"Rockets is looking for a quick shot..(로케츠는 퀵샷을 노리고 있고) Bowen is all over,(보웬은 스크린에 갖혔고,) Mcgrady, foul was picked up..! (맥그레디, 파울을 얻어내는데요..) And! Its four point play!Mcgrady from Downtown! (맥그레디가 외곽 깊은 곳에서!그리고 4점플레이 입니다! ) (SAS 78 - 74 HOU / 남은 시간 24.3초)",인공지능은 예술활동을 해서는 안됩니다제가 예체능이라 그런건 딱히 아니고요 아 아무튼 안된다고요,에로스 진짜 찐친ㅠㅜ,데이트 신청..,능력 카운터인듯 실컷 쳐맞고 한대만 맞추면 맞은만큼 돌려주는,"막컷 가족사진인줄. 아내, 남편, 아들.",여주 망상하는거 나랑 존똑ㅋㅋㅋㅋㅋㅋㅋㅋㅋㅋㅋㅋㅋㅋㅋㅋㅋㅋㅋㅋㅋㅋ,ㅋㅋㅋㅋㅋㅋㅋ 술 먹다 자서 화장 못 지운건가 ㅋㅋㅋㅋㅋㅋㅋㅋ 진짜같네,백한 업혀가는거 귀여워죽겠네 와중에 파블보면 죽이겠다고다짐하는것봐ㅋㅋㅋㅋㅋㅋ,저정도면 프로급이 아니라 프로잖아 ㅋㅋㅋㅋㅋ,나만 레오파냐고
best_comment2,62장을 한 번에 찢어버리네...,마지막 손뻗은건 위로가 아니라 공격성을 억제한거임,강쌤이 다니던 호텔 레스토랑에 취직한 별이가 강쌤이 입던 조리복을 입다니 레전드다.,"""넌 좋은 왕이다 마튼한테는 말이지""- 힐리스",성훈이는 진짜 잘됬으면 좋겠네20살에 솔직히 저렇게 생각깊은 사람 얼마나될까그래도 이제는 무거운마음을 조금 내려놓고 그순간을 즐길줄도 알았으면 좋겠다,지은이 결국 사함이 좋아한거 맞았네…,그래서 남주 후보 4명인거죠?빨강이랑 엘자돌림 세명...넷이 함께 살아야하니까^^ 제가 집 평수 늘리는데에보태라고... 쿠키를 굽겠사와요.,송아와의 미래를 위해 다른여자랑 결혼한다고? 그럼 송아랑 두집살림 할거냐? ㅋㅋㅋㅋㅋㅋㅋㅋㅋㅋㅋㅋㅋ어처구니x..,할머니만 너무 욕먹는 것 같아서 이번엔 엄마를 같이 욕먹을 타겟으로 만드시는건가요,사실 부모님이 흑막인거임,인간리사는... 제물이 될 것인가... 아니면 ai이지만 인간을 100% 학습했기때문에 AGI가 인간이라고 판단하고 넘어가게 될것인가...!?,"원작→ 하나가 죽고 끝남.원작에서 하나가 죽는 결말이기 때문에 과정은 달랐지만 결국 하나가 죽어서결말이 되고, 연이가 현실 세계로 돌아온 듯 하네요... 이대로 하나 못 보내...ㅠㅠ",empty,저번화에서 멋있다고 생각했다는게 신기하네,저새끼 진짜 왜저래 강민인지 뭔지 저새끼 만행 보다가 나도 피 토할거 같음 ㄹㅇ 피가 거꾸로 솟는다,곧 완결... 아니지? 빅허니잼인데 아니지?,"드디어 태귄소녀의 저력이 슬슬 나오는건가, 기대가 크구먼",그 와중에 도로시는 누구랑 하는겨 디터인가,이제서야 영우이 얘가 아니라는걸 알았다!! 찐스토리 시작이구나!!!,악마가 키운다던 염소 비유가 아니라 진짜 염소였넼ㅋㅋ,empty,아니 새로운 십제자 나온줄 알았네ㅋㅋㅋㅋㅋㅋㅋㅋ,1화에서 나견을 죽였다는게 나견이 나진으로 살아가겠다 그런건가,주경이 유튜브하면 쌩얼 들키는거 아닌가ㅋㅋㅋㅋ꙼̈아님 드라마처럼 쌩얼당당히 드러낼수도 ..?,"같은 세계관은 맞는데 괴물이 몸을 먹는 방식이 조금 다른것 같은데요? 괴물은 안에서 이야기했지만 지금은 그냥 밖으로 드러냅니다. 제 생각엔 감염 방식이 있었던거 같은데요?괴물한테 당했던것 같지만 살아있고, 저런 정보를 되뇌는걸로 봐서는 괴물에게 괴물 세포를 받고 괴물화되는 감염 경로를 보여주지 않을까 이런 생각이 듭니다.. 똥추리 마치겠습니다..",힘들때 누가 떠나는 일에는 이골이 났다..ㅜㅜㅜ 우리 공녀님.. 앞으로는 옆에 떠나는 이가 없길 ㅠㅠ,ㅋㅋ 샤워씬에서 멈칫 한 애들 다 나와바,근데 점보 너무 소두아니냐 ;; 몇등신이여 ;; 천둥이는 바보등신인데,타워 꼭대기에서 무야호~!,니가 젤 먼저 죽는다고,봉강이 친구는 인간적으로 좋은 사람인건 맞는거 같은데사리분별 못하고 저런 이야기를 남들한테 쉽게 흘리고 다니는거 보면눈치하고 생각은 더럽게 없는듯 하다,대재앙급에맞게 먼치킨이였으면...ㅠㅠ,루비 아빠 잘생기고 자상한게 딱 미중년의 정석인데 나중에 희생해서 죽을 상이야...,흠.. 회사 승진 아닐까요?회사 승진했다면 저 정도로 경사 나죠,동생은 순애판데 형이 ntr충이였네ㅋㅋㅋㅋㅋㅋ,미신안믿는다면서 할머니랑 신 탓은왜하냐아앜 쒸익쒸익,다들 벌써 고추장을 마스터 했네 ㅋㅋㅋㅋㅋㅋㅋㅋ,ㄹㅇ 저정도면 사귀는거 아닌가? 한주 눈치가 무슨ㄴ...,10년 동안 많은 것이 바뀐 듯 바뀌지 않은 듯 하지만 천연덕스럽게 호빵 빼앗아먹고 깔깔대는 우정만큼은 변하지 않은 걸 표현한 연출이 너무나 멋지다 ㅠㅠ,ㅋㅋ 일진들이 찌질이지 그걸무슨 구분하고있냐,남자친구 미미랑 이어준다는건 가만히 참고있다가 할배가 여자친구 아내로 만들려고 하니까 바로 발차기 날라가네.. 찐사랑이었네..,어디다 넣는다는 거지,진짜 작가님 제목이 완전 감성 제대로임,아따 저 핑크색 초코송이 말 드릅게 많네,잊을만하면 나타나는 안경할매.. 진짜 정체는 무엇인지 궁금합니다 ㅋㅋ,아 진짜 도영이 어떡하냐ㅠㅠㅠㅠㅠㅠ작가님 도영이 좀 행복하게 해주세요 제발ㅠㅠㅠㅠ,맞아... 한국은 영어 문법 ㅈㄴ 가르치지...,막컷 오꽝 솔킬따여놓고 정글탓하는 미드표정이네,부먹님이라고 언제까지 부를거야 ㅋㅋㅋ,"7화에 보람이 키스할 때 완전 박력 있을 것 같다는 베댓이 있었는데, 진짜 박력 있네 ㅋㅋㅋㅋㅋ",가령이 왜 삐졌냐 설마 룡이랑 예린이랑 결혼이라도 했나,왜아무도 실험맨은 이야기안함? 불쌍한 실험맨,그거 생각난다ㅋㅋㅋㅋㅋㅋㅋㅋㅋ 어떤분 지하철에서 재채기를 와치!!! 햇는데 술 취한 아재가 시계는 와치 시계는 와치 한거 ㅡㅋㅋㅌㅌㅌㅋㅋ,크고 아름다운 기둥으로 때릴듯 추천 누르지마라,그와중에 화이트 출연할 때마다 설명 계속 늘어나는거 ㅈㄴ 웃기네ㅋㅋㅋ,우리가 원하는 장면1. 제로니스가 리플리 때문에 우는모습2. 리플리 찾고 싶어서 초조해하는모습3. 재회해서 반가움의 키쭈와 허그4. 뜨밤(생략ㄴ다음화에 짹짹으로 시작하면 안됨),저 싸가지 없는 거 어른들이 바닥에 앉아 계시는데 소파에 앉아있어?,아 리나 지갑에 아직도 같이 찍은사진있는거보니 맴찢..ㅠㅠ,ㅋㅋㅋㅋㅋ 누구는 여자 7명에 둘러쌓여서 수련하는데 누구는 뒤가 위험하네ㅋㅋㅋㅋㅋ,이정도면 수진이 앞에 붙는 암 입장도 들어봐야함,민희 먼가 귀엽다... 약간 눈치가 없어서 그렇지 저런 친구 있음 좋을 듯 ㅎ,"아니 분량 실화임...? 늦으시길래 어디 편찮으시겠구나, 평소보다 짧겠다고 생각했는데;; 평소 분량의 배를 뛰어넘게 가져오시네;;",다음편 진짜 엄청나게 기대되요 늘 그렇지만,그럼 웬디가 연구실 보러 안 갔으면 쟤는 계속 책장 뚫어져라 보며 앉았겠네,ㄹㅇ 노랭 좋아하는거 맞는거 아니냐 도서원...??,뭐긴 뭐에요 두피 마사지 중이였죠 하하..,린다는 그냥 순수하게 유미건을 도와주려는거 아니었을까?,그래두 난 주원이 좀 짠한데..... 얼마나 여주를 사랑했으면 여주도 눈치 못 챌만큼 연기를 하냐구... 매운 음식도 그렇구ㅠㅠㅠㅠㅠ 주원아 이 할미는 널 응원해....,둘 중 하나가 죽어야만 하나는 살 수 있을 것 같다... 둘 다 함께 살아남는 결말은 없을듯. 있다고 해도 어릴 적처럼 함께 우애좋은 형제 관계로 돌아가지는 못할 것 같아...,뱀 복 혹시 손닿는 대상 빙의 아니냐. 여기선 뱀을 이무기랑 비슷한 느낌으로 묘사하니 음침하고 간사한 느낌이고. 그렇다면 갑자기 쥐아빠 정신이상해진것도 밖에서 엿듣던 뱀이 쥐아빠를 빙의해서 호범이 부모죽이고 제정신이 돌아왔을때 그 충격으로 자살하려했던건 아닌지...,수.영.복.수.영.복.수.영.복.수.영.복.수.영.복.수.영.복.수.영.복.수.영.복.수.영.복.수.영.복.수.영.복.수.영.복.수.영.복.수.영.복.수.영.복.수.영.복.수.영.복.수.영.복.수.영.복.수.영.복.수.영.복.수.영.복.수.영.복.수.영.복.수.영.복.수.영.복.수.영.복.수.영.복.수.영.복.수.영.복.수.영.복.수.영.복.수.영.복.수.영.복.수.영.복.수.영.복.수.영.복.수.영.복.수.영.복.수.영.복.수.영.복.수.영.복.수.영.복.수.영.복.수.영.복.수.영.복.수.영.복.수.영.복.수.영.복.수.영.복.수.영.복.수.영.복.수.영.복.수.영.복.수.영.복.수.영.복.수.영.복.수.영.복.수.영.복.수.영.복.수.영.복.수.영.복.수.영.복.수.영.복.수.영.복.수.영.복.수.영.복.수.영.복.수.영.복.수.영.복.수.영.복.수.영.복.수.영.복.수.영.복.수.영.복.수.영.복.수.영.복.수.영.복.수.영.복.수.영.복.수.영.복.수.영.복.수.영.복.수,손떼 이섀키야,"이 웹툰 왜 하위권에 있는지 모르겠음ㅠㅠ그림체,스토리 다 좋은데 더 올라갔으면 좋겠다",이 웹툰 약간 나만 알고싶은데더 유명해졌으면 하는 웹툰...,주인공 진짜 담이 크네 나같으면 형사님 들어오자마자 식은땀 나서 의심받다 잡혀감,"진짜..아저씨 어떻게 했냐 너.....아저씨 건든건 용서못한다......그리고 할말이 많은데..서윤 화상에 있던 타륜의 의복, 천존복장 아니냐...?나만 그렇게 느낀거야...?은실이랑 현성이 서로를 생각하고 있는마음...어디로보나 그냥 찐남매인데..??딴건몰라도..준걸아 너만이라도 돌아와...ㅠ ㅠ것보다 요 싹퉁바가지야 세계관 천사표 아저씨 어쩐거냐아아아아!!!!!!",웹툰은 재밌는데 일단 쿠키가 3개라 사람들이 더 없는듯하고 아직 홍보도 잘안된거같음,아니 잠깐만요ㅋㅋㅋ여기서 휴재를 하신다구요?,아니 뭔데ㅋㅋㅋ 왜이렇게 당당한거야ㅋㅋㅋㅋ,마지막 소년들아 발버둥쳐라 라는 검은화면에 독자들 얼굴 비추게 하네 연출 ㄷㄷ,두나는 볼때마다 예뻐지는듯,사자 힘 10배 증폭된다며ㅋㅋㅋㅋㅋㅋㅋㅋㅋㅋㅋㅋ 마몬은 능력 10배 증폭 됐는데도 하얀이한테 1초컷 난거야?ㅋㅋㅋㅋㅋㅋㅋㅋㅋ 사자들 중 최약체가 요기 있었네ㅠㅡㅜㅠ,괜찮습니다 바퀴벌레는 몸이 절단나도 꿈틀거립니다. 어떻게 알았냐구요? 저도 알고싶진 않았습니다.,내프로게이머 인생은 이렇게 끝난다... 그리고 스트리머 남재이의 삶이 시작된다,태양의 아들이면 대머리여야 하는거 아니냐 ?,뭔가 유치한거 같지만 항상 참지 못하고 쿠키를 굽고있는 내모습.....,저할매 몇천년 동안 저 생각을 못했다니ㅋㅋㅋㅋ,저 아줌마도 이해된다....나 같아도 애가 입 다물고 말도 안 하고 꾸역꾸역 먹고 화장실에서 토 하는 모습보면 진짜 좀 그럴 듯....,안믿을거면 왜물어본겨,둘이 남매네. 아차일과 아수라 ㅋㅋㅋㅋㅋ,노랑머리때문에 지수가 힘들어했던거 아냐?,님들 구매해서 욕하는거이상한거 아는데 아무이유없이 표절아니라는건 안이상함?,어 그러네 베댓말대로 악마계는 인간계 기준으로 생각하면 안되네...,아오 우린이 여사친인가 머시기 핑머 말투 왜 저따구야🤦‍♂️그와중에 지우 너무 좋고,진짜 명작이다.. 내가보는 웹툰중 진짜 최고로 재미있다,우리 렘브가 섹시댄스라니ㅋㅋㅋㅋㅋㅋ 대신관님한테 너무하네 ㅠㅠ,ㅋㅋㅋㅋ발돈 아재 저번에 뒷치기당해서 죽을줄알았는데... 너무 멀쩡하노 ㅠㅠ 지금도 최강자 3파전으로 갈리는데 정점이라 불렸던 존재이니..ㄷ,시민들이 트롤이네죽은 애를 부활까지 시켜,아니 검은유리 나왔냐 나는 토마토밖에 안보였는데,이게 왜 평점이 낮냐?쉽게 얼굴을 까면 그게 최종 악역이냐?어?글고 쿠키 쓰라고 강요한건 아무도 없다너가 '선택' 한거야,겉이나 속이나 완전 저 나이대 소년이다 ㅋㅋㅋㅋ,준희는 물건 보는 눈이 좋으니까 영업직 하다가 돈 모아서 자영업하면 딱일것 같은데. 구매대행이나 상품소싱이나... 잘할거같음. '대체 가능한' 부품취급 받는거 너무 속상한데 ㅠ 준희한테 더 맞는 일이 있을거라 생각해서.. 아니 왜 현실사람한테처럼 조언을 하게될까. 준희의 성장이 너무 기대되네요.,아 날쌘돌이인거 걸릴거 같은데 ..,??작가님 왜 갑자기 늦게 올리시죠 어디 아프시면 휴대 하셔도 되요,싫테ㅋㅋㅋㅋㅋㅋㅋㅋㅋㅋㅋ ㅇㄴ 어떻게 배댓이 하나도 없음 신작 싫테 진짜 오지네,상만숙도 버리는거 보니까 허울조차 쓰레기인놈이였네 ㅋㅋ,전 그분을 좋아하니까요...드르륵전 그분을 좋아하니까요...드르륵전 그분을 좋아하니까요...드르륵전 그분을 좋아하니까요...드르륵전 그분을 좋아하니까요...드르륵전 그분을 좋아하니까요...드르륵전 그분을 좋아하니까요...드르륵전 그분을 좋아하니까요...드르륵전 그분을 좋아하니까요...드르륵전 그분을 좋아하니까요...드르륵전 그분을 좋아하니까요...드르륵전 그분을 좋아하니까요...드르륵전 그분을 좋아하니까요...드르륵전 그분을 좋아하니까요...드르륵,예린이랑 호수 잘 어울린다...호수가 일 잘 못하면 예린이한테 맨날 혼날 것 같긴하지만ㅋㅋㅋ,유빈아 화면 공유 좀 해줘,베뎃 뭔 소리 하는거냐...누가 와도 상관 없다고 한건 그냥 패기인데 그거 한 마디 제대로 못 지켰다고 설정 욕하는건 걍ㅋㅋㅋ잼민이 특인 억까 아니냐 ㅋㅋㅋㅋㅋ,저거 좀 소설에서 웹툰오면서 내용 바껴서그런거같은데손빈무공(=사자혁무공)을 막 배포하는게아니고 표사들이 가지고있는 무공을 좀 손봐주는거임,미애야 너 MBTI 검사하면 Cute 나온다며,사실 서리가 이 산의 진짜주인이고 눈노루가 잠깐 대리로 주인역할하고있는거아닐ㄲ,아개웃겨 ㅋㅋㅋㅋㅋ 뛰는 남주위에 나는여주,인간으로 환생한게 아니라 그냥 과거 회상 장면에 선계 혈통이라고 대놓고 나와요.,난 이웹툰 볼때마다 소름이돋는다,진짜.. 나 쿠키 몇개 썼냐.... 이정도 쓰면 고백하는 장면은 나올줄 알았다..,뭔가... 수아에게 조달 먹여서 말 못하게 만들었던거 스스로 혀를 끊는걸로 되돌려 받는 느낌...,나는 동정을 지키는게 아니야 순정을 지키는거다,할매..멋져부려..최고여할매,하진이 사실은 엄청 불쌍한 애일것 같아... 눈물맛 쿠키 먹을 내 미래가 보인다...,정훈이 운동하는게 나중에 쓰레기 제거 할때 쓰일듯..,1000년을 넘게산 생명은 생각의 깊이부터가 다르구나,미치겠네 저러고 돌아다니면 발바닥이 살아있긴해...?,매니저 같은 분에게 걸렸네요 뭐,할머니가 주최자를 이김으로써 할머니가 주최자가 되었거나 아니면 백가면이 파괴시 변한다는 조건이 있거나 둘중 하나일듯,따라오래서 따라왔더니 또 따라오라하네 ㅋㅋㅋㅋㅋ 구주오 정신 나간다,헐 선이 마리 얘기 털어놓는거야??,저자세로 바쁘다는거ㅜ 왜케 웃기냐ㅜㅠㅋㅌㅌㅌㅋㅋㅋㅋ,이거 하린이 쥔공이니까 강림이가 나중에 강림개전기의 빌런이 되거나 하림처럼 될듯,디스크는 걷기운동이 가장 좋은 치료법입니다. 우진씨 쾌차하셔서 좋은 의사가 되길 바랄게요.,추이 : 아직 한발 남았다.,"정말 희철이는 크게 될 사람이다. 보통 저런 상황에서 계속 간부한테 갈굼당하고 후임이랑 비교당하면 진짜 과장 안보태고 폐급 취사듀오꼴이 나도 이상하지가 않은데, 자기가 부족하단걸 깨닫고 계속 정진하고 있음. 평생 전우목록에 들어가도 될만함.",일반인이 불곰을 잡는데 초인은 무지막지하지ㅋㅋㅋㅋ,ㅋㅋㅋㅋㅋㅋㅋㅋㅋㅋㅋㅋㅋㅋㅋㅋㅋㅋㅋㅋㅋㅋㅋㅋㅋㅋㅋ잌ㅋㅋㅋㅋ,가민이 식스팩에서 멈춘사람,와 이하민 ㄹㅇ 매너남이네,아..솔직히 알고나니까 좀..싫다.. 현실은 알바만 하고 자기 앞가림 못하는 외모만 괜찮은 남자가 그냥 무대뽀로 들이댄거 아니야.. 여자가 28살이었으면 충분히 철벽쳤을만 하다,작은녀석 시온 말하는건가 ㅠㅠ,"센 진짜ㅋㅋㅋㅋㅋ 겁나 오랜만에 만난 제자한테 한 말이 ""뭘봐ㅋ""ㅋㅋㅋㅋㅋㅋㅋㅋ 진짜 센다워서 웃겨뒤질거같음ㅋㅋㅋㅋㅋㅋㅋ",???:암산 연습해야 돼요,"* 6화 세희 인스타 프사=8화 세희 카톡 프사- 교복 입은 여자의 뒷모습* 15화 보라 카톡 프사- 교복 입은 여자의 앞모습*35화 보라 폰 갤러리 사진- 교복 입은 앞 뒤 모습의 여자 사진이 각각 있음작가님이 의도한거라면 보라=세희, 즉 보라가 이중인격자로 추정됨",이것만큼은 꺼내지 않기로 약속했는데... 미안해요 영감.. 울어라! 지옥참마도!,그래도 스텔라 사실을 말하고 자책하는 모습 보기 좋다,백초크를 어케 걸면 물리냐? 턱 밑에 팔이있어야 되는거 아니냐,정원군 뭔가 일 저지를것 같은데 저만 그런가요..,할매 이제보니까 실눈에 한쪽눈 흉터에... 누가봐도 센캐였네,정우가 개진지하게 아연씨랑 결혼을 전제로 만나고싶습니다 하는장면 보자마자 아연이얼굴되면서 댓글창으로 피신옴,연우야 설마 저거 0.1초만에 읽은거 아니지.... 그치.....,저 머리 다 벳겨진 경찰 대충 무마시킬라는거 칼 같이 다 차단시키네ㅋ 개시원허다,대행수어른 졸라 서웟하다....★,시즌2 26화에서.. 네레우스가 '저희 물의 권속들은.. 올림포스의 명을 어길 수 없다는 것을요' 라고 되게 씁쓸하게 말하던데 다 전쟁 포로였던거야..?,empty,생각 해보니 곤륜의 배신자는 이러면 잠정적으로 백도사가 되는 거 아닌가? 주도사는 아니였고 청도사는 가온이랑 싸울때 무명이랑 만나고 있었으니까 그리고 현도사였으면 가온을 못 알아봤을 수가 없지,아니..다른것보다.. 쟤 좋아하는 다른 남자애도 같이갔잖아요.. 질투하는거잖아 누가봐도..,저 그래프는 도대체 왜 매번 저렇게 생긴거임,1. 에이미의 오빠2. 솔라 등장3. 초반에 마네랑 여신이랑 계약할때 마네가 위험 해지면 여신이 구해준다고 했었음.,사랑하잖아 ㅇㅈㄹ;;;앞길 망쳐질 준비나 해ㅡㅡ,그.. 아저씨 인성도 약간 리셋? 해야할듯?,선생님 츤데레구만 ㅋ 마음은 따뜻하면서~,걍 찍새가 한대 발로 차면 안되냐,지존검사나 소라가 끈기로 노력해서 개방한 스킬들 고생 하나도 안한 악몽들이 그대로 따라 쓰는거 어이없네,"| 제 입학용병 에게 제 쿠키를 || 다 바치겠습니다⠀⠀ ⠀ ⠀ |￣￣￣￣∨￣￣￣￣￣￣￣　　　 ∧_,,∧　⠀　　(`･ω･´)　　　Ｕ θ Ｕ　⠀ ／￣￣｜￣￣＼　⠀ |二二二二二二二|⠀｜　　　　　　 ｜⠀⠀찰칵 찰칵 찰⠀ ∧∧⠀⠀ ∧∧ 칵　⠀(　　)】 (　　)】　⠀/　/┘　/　/┘ノ￣ヽ　ノ￣ヽ{ 줄 쿠키는 있나요?!",쟤 검은날개일족같네요;;;아지태가 사람 말로 도살할때랑 같음절대적능력,안닷무닷대가 해야할 일: 설명,현질러가 전설탬 먹었다,어떡해.. 브리디 예전 트라우마 기억 떠올랐나봐 ㅠㅠ 몸만 컸지 브리디는 많이 어리네요ㅠㅠ,"이 웹툰이 처음 나왔을 때부터 계속 봐온 독자로서 댓글 한 번만 달게요... 아래 순위였는데 이제는 어느정도 올라온 모습에 너무 뿌듯하고, 얘들 연애하는 모습에 매번 볼 때마다 얼굴에 웃음꽃이 피어나네요. 매번 달달한 이야기를 그려주신 작가님도, 같이 웹툰을 보면서 이 달달함에 녹아내리는 독자님들도 하루 지났지만 새해 복 많이 받으세요!","언급된 애들 중에 x는 없을것같다. 신비는 감염자니 논외. 이름에 희들어가는 애들은 희돌이 가능성 있으니 제외(양미희,최진희), 미주리는 신비랑 단짝이라 x처럼 단독행동 안함.송리나는 주인공에 대햐 적대심이 강하고 체형이나 키가 x와 다름. 그리고 x는 좀비를 피해 도망다니는 지능캐지만 송리나는 좀비를 찢어.. 김선영은 그냥 아닐것같고 이름으로만보면 하선우가 왠지 궁합이 맞아보임. 그리고 x죽인 애들이 남자반애들인데 거기 대장노릇하는 놈이 좀비물 소설 주인공인듯",빛찬영....왜 승천 실패하게 만든건지 눈치챈 거 같다 괜히 수능 만점자 배출 시킨 인재가 아니지,개이득이네 더 늦어진다 = 연재가 더 이어진다,티맥타임 해설 어케외웠노ㅋㅋㅋㅋㅋ,"우린 항상 인공지능이 침범할 수 없는 영역 중 하나가 예술 분야라고 주장해왔는데 작곡도 하고, 그림도 그리는 인공지능도 있는 세상에서 한 사람을 그대로 재현해내는 인공지능이 있다면 얼마나 절망적일까..",와 에로스같은 친구 진짜 흔치 않은데..... ㄹㅇ 찐친이야 ㅠㅠㅠㅠㅠㅠㅠㅠ 나 울어 ㅠㅠㅠㅠㅠㅠㅠㅠㅠㅠㅠㅠㅠ 다행이다ㅠㅠㅠㅠ 코레 꽃길걷고 아폴론인지 포도shake it인지 가시길 걷길 바래,보이스 러브 장르였구나..;,난 저 콧수염 등에 사자 문신보고 능력으로 도끼 만드는줄 에스카노르냐,저 얼굴을 어떻게 거절해,여자애가 어제 은결이보고 뭐 사러가자해서 은결이가 저거 사갖고 소망이 사물함에 넣어둔 거 아님?,남색머리 존버탄다.,"엥? 넹? 아,예엡","작가님 히로인 5명 전부 다 개성있게 잘뽑으셨네요.. 그리고 뭐랄까... ""너희들이 누굴 좋아할 지 몰라서 전부 다 준비해봤어"" 같은 느낌이네욬ㅋㅋㅋ 아주좋습니다.",나만 레오파? 귤이를 20년정도 좋아했다는데 뭔가 그냥.. 그냥 레오파인듯..ㅋㅋㅋㅋ
best_comment3,심사원이면 결국 전과도 안 남는 엔딩이네ㅋㅋ 역시 미성년자 ㄷㄷ,인간 생리현상 어케 아냐고 하니까 대답은 안하고 다른 종족이랑 면담을 시켜주네 ㅋㅋㅋ,"살이 쩌서 맞지 않네......자기는 시간이 지나면서 조리사로서의 열정, 자부심이 사라저서 옷을 입을 자격, 조리사를 할 자격이 없다는 것이겠죠.....그래서 사직하는 거일꺼고.....참....",다음 날에 업로드 된다고 공지 뜨고 새벽 1시에 나오는 건 처음보네 ㅋㅋㅋ,아이고.. 성훈이가 여친을 그만큼 아끼고 먼 미래까지 함께할 생각을 했는데 본인 상황에 여친이 미래의 엄마처럼 될까 걱정돼서 그렇구나... 진짜 성훈이 너무 마음아프다..ㅠㅠㅠㅠ 성훈이는 정말 또래에 비해 너무 빨리 철들어서 마음아프고 응원하게되는 캐릭터다ㅠㅠㅠ,작가님 완결 축하드려요!,하 ..진짜 호러와로맨스를 너무감명깊게읽어서 이번에도 실패는없겠지하고 질렀다가 후회한다 다음편이없어...왜없어?쿠키가있는데!!!!!!!!다음편이없어!!!!!?!?!?왜없어?!?!?,왜이리 답답해;; 송아한테 첨에 말 좀 해주든가아무말도 안하면 사람이 모르지,저 엄마는 혹시 지능이 모자라다는 설정인가요? 트롤짓이 한두번이 아닌데;,뇌에 주름이 없어지는 느낌임,유일한순간=동족이 잡아먹히는걸 지켜보면서 천적의 패턴을 관찰하는 AI의 모습이라고해야되나...,"아 그렇네... 원작에서 하나가 죽고 소설이 끝나니까 이번에는 과정이 달라도결국 하나가 죽었기 때문에 결말이 되고, 연이는 현실로 돌아온 거잖아... 작가님이대로 하나 못 보내요 내가 어떻게 보내 문 열어봐요 작가니뮤ㅠㅠㅠㅠ",empty,유환웅 ┈▁┈┈┈┈┈┈▁▁▁▁┈┈▁╱╱▏┈┈┈┈╱┈┈┈╱▏╱╱▏ ▇┈▏▁▁▁┈▇▇▇▇╱┈▇╱╱▏▇╱┈┈┈╱▏▇╱┈┈╱▏▇▇╱▇▇▇▇▇╱┈▇▇▇▇╱┈▇╱┈▁▇╱▁▁┈┈┈▇╱┈▇╱▏╱┈▇╱┈╱▏┈┈▇▇▇▇╱▏▇▇▇▇▇╱┈┈┈▇▇▇▇╱,보이스피싱도 하는 년이 좋아하는 여자애 앞에서 착한척하는 놈도그 와중에 샛별이 말은 듣지도 않는 년도다 양심이라고는 쥐똥만큼도 없고 그러면서 괴물이라고 하면서 사기 치려는 저 빨강 머리를 진짜 어떻게 해야하냐...아무리 어머니가 떠난게 이유가 있어도 내가 샛별이였으면 엄마를 원망할 수 밖에 없겠다 진짜..행복쌤...얼른 성윤이 형이랑 샛별이 지켜줘...,아이 못 기다리겠는데 1주일 기다려야하네,청비 진짜 말 이쁘게한당♥♥,그래서 도로시는 혼자저러는거야 누구랑하는거야 머야,이와중에 아빠랑 아들이랑 싸우는거 개귀엽넼ㅋㅋㅋㅋㅋ,대표가 악마도 모르는 악마와 대척점을 가진 존재인건가 신은 아니더라도. 그리고 도주할때 웃는건 조승훈 때문에 악마가 기획한 게임이 틀어졌기때문에 짓는거고,empty,ㅋㅋㅋㅋㅋ개졸귀네,와.. 1화에서 표정관리 잘한다고 했지.. 동생 죽이고도 표정관리가 가능하다니..,주경아 쌩얼 다 이해해주는 수호랑 만나자,엽총소년 제목보고 처음에 두식아저씨 군시절얘기나오는줄,그냥 이 모든 상황이 씁쓸하지 않냐 사실 떠난 애들도 그저 살고 싶었을 뿐일텐데..귀족도 아닌 쟤들은 살려고 얼마나 노력했을까...그렇다고 메데이아 입장에서는 두말할 거 없이 화났을 테고..그냥 이아로스가 빨리 벌 받는 게 답인듯그리고 오라버니 역시 이름도 멋져요 그런데 또 오라버니가 마냥 메데이아를 걱정만 할까?메데이아도 결국 악행은 저지른 적이 있고 오라버니는 마음이 많이 약해 보이는데..,고려시대 무신. 이자겸과 함께 인종을 폐위하고자 대궐에 침입했다 왕의 권유로 뜻을 바꾸어 자겸을 잡아 귀양 보내고 공신이 되었다. 이후 세도를 마구 부리다가 탄핵을 받고 유배되었으며 복권되었으나 곧 죽었다.출생-사망? ~ 1144본관곡산(谷山)활동분야군사출처:네이버 지식백과,천둥 저쉑 깊은숲에서 살아온뒤에 또라이 같은면이 조금 바뀐거같음.. 전에는 유쾌하게 3-4인조로 다구리까면서 드립쳤는데 혼자 또라이짓하는게 이제는 조금 소름돋는다.. 무서움,ㅋㅋㅋㅋㅋㅋㅋㅋ주인공은 평범하고 싶은데 세상이 안 도와주네,아ㅋㅋㅋㅋㅋㅋㅋㅋ ㅋ ㅋㅋ ㅋㅋㅋㅋㅋㅋㅋㅋ아존나 아아 기뻐하는거였냐구ㅋㅋㅋㅋㅋㅋㅋ아너무귀엽다 눈 반짝이는거봐 아 저릿 아너무귀여워,동네방네 다 말하고 다니네 ㅋㅋ걍 에타에도 올려라 ㅋㅋㅋ,다른 신규 웹툰들은 쿠키 3개인데 이건 2개인거보고 느꼈다. 이건 혁명이다 그런데 여기까지 지른 흑우있냐...,도대체 어딜봐서 백발한테 사랑에 빠진거임 심장뛰는거 확인할랬다가 변태로 오인받으니 당황하면서도 진짜 안뛰어서 기분이 심란한거 같구만..얼굴만 붉히면 다 연애인줄 아나?,윌님 작은아버지 되시는듯?!,수면....밧줄....하지만 상대는 네이버...,그니깐 자기가 안믿는다고 못받게했단거지? 안믿으면 시켜줘도 되는거아님? 눈가리고 아웅한주제에 뭐가 떳떳하다고 그렇게 욕을함? 어머니가 돈을요구한것도 아니잖아?안믿으면 시켜줘도 상관없는거아님? 믿지를않는데 왜 안시켜주고 어머니랑 성아한테 화풀이를 하는거임 이해가안가네,한국을 무시하지 마시게나....,남의집에 보낸게 아니라 막춘이가 간다고 우겼겠죠,넘재밌었어요~~~ 더 보고 싶어요 ㅠㅠ 세련이 좋은회사 이직 잘 해서 돈 많이 벌길 모두들 상처는 그만 행복한일만 있음 좋겠네요!,혜성이 패는 애들이 일진인가? 약점 잡고 그걸 이용해서 일진짓거리하는애들이 일진이야? 내가보기엔 찌질이들같은데,저런 발차기 실력을 왜 참았던거야???!!,ㄴ....눈나....헤으응.....,천일홍 꽃말은 변치않는 사랑입니다..,여주 할말 시원하게 다하는거 넘좋다ㅋㅋ,님들 제가 반 친구들한테 이 웹툰 보라고 영업했는데 20명 영업 성공함 개꿀,자판귀 왤케 인기가 없지...? 오랜만에 생각나서 상위권 뒤졌는데 없길래 완결 된 줄...,작가님 인스타에서 이름 투표 했는데 프리지아로 정해졌군요!!,댓글이 점점 없어지는게 안타깝구나..내가 즐겨보는 웹툰인데...다른건 보다가 시시해서 안보더라도안식의 밤은 아직까지도 흥미진진한데..참 좋은 웹툰인건 확실하다제발 좀 봐라! 학원물만 보지말고!,윽..크기가 큰놈도 문제인데 저기서 흘러나온구더기같은건 뭐야? 저게 가장큰 문제가 될거같아크기가 작은대신 침투가 쉬울거아녀..,세계에는 3대 마요가 있습니다스팸마요참치마요작가님 완결각 잡지마요,곡주 강룡한테 신경 끊거보니까 예린이하고 이어졌나보네 ㅋㅋㅋ,막컷 ㅈㄴ 간지나네,출장 분노,제자 ㅡ 스승님이.. 맞으십니까?현우 ㅡ 그래.. 제자야.. 맞자..,근데 야희주 박종건사촌이냐 눈시꺼먼게 같은일족같은데,냅다 튈줄 알았는데 낭심킥ㅇ라닠ㅋㅋㅋㅋㅋㅋ,저새끼는 ㅅ왜케 사람을 위에서 내려다 봄 지가 우위에 있다고 생각하는듯,"유라라는 사람 시아도 아는 거 같은데 뭐지? 드디어 오해가 풀리는건가,, 리나 아직도 지갑에 애들 사진 넣고 다니고 ㅜㅜ 그립구나 한편으로는 안쓰럽다",전용 헬스트레이너를 동료로 맞이 하시겠습니까? (YES/NO),암수진은 걍 두고 오지 ㅋㅋ,"작가님 많이 안바라요 외전 100화만 연재해주세요 ,,,",이 깊이..이 분량..두마리 토끼를 다잡았구만..허허 이 반푼이는 이해는 잘 못허겠는디 딱 하나알겠구려..너무재밌어서 가슴이 웅장해진다는것을..,한복입은 리에타와 킬리언 예쁘고 멋있네요.새해복 많이 받으세요.,스승님이 웬디가 잘살수있게 옛사랑을 완전히 끊을수있도록 자리를 만들어 준게 아닐까요,유치하다고 생각할 수 있지만 둘은 아직 10대니까 그때만의 특별함이 있다고 생각함 노랑파란 너무 보기 좋아.....,혹시 현원 칠엽초가 100전이라서 백전 또라이 줄여서 백또 아닐까?,근데 그림으로만 봤을 땐 유미건 겁나 오바액션하는 거 같은데매번 린다랑 저런 대화 나눌 때마다 린다가 의심 한풀 꺾이는거보면 실제로는 유미건 연기가 메소드급이라는 거임하긴 폭로나면 일나는건데 어떤상황이든 저런 상황왔을때빠져나가는 시뮬레이션 혼자서 엄청 하는거같음,무조건 맞춰주는게 좋은게 아님.. 그래서 여주반응이 너무 이해감..ㅜㅜ 근데 그냥 모르는척 계속 받아주고 결혼하고 애기낳고 짝짝쿵해줬으면...,작가니임...제발요ㅜㅜ유성이를 확실히 죽이는것보다 차라리 열린결말로 마무리해주세요 그럼 제가 상상의 박나래를 펼쳐 볼게요ㅜㅜ,마지막컷에서 소름돋았네 ㄷㄷㄷ,다음주 검열되기전에 얼른들 질러라ㅋㅋ 진짜 작가님 사랑함♡♡,아 뭐야 썸넬 민준님인줄 알고왔더니 병석이네 야발;;,뭐가 됐든 지금 카페 앞에 있는게 고승준이었으면 좋겠다,1년 뒤에 이혼하는거 나도 까먹고 있었네 ..,알고보니 범인이 형사이면 개 레전드... 약간 비밀의 숲 시즌1 윤과장 같은 느낌일 것 같다...,신캐 이쁘다고 생각할 때 쯤 빠따로 후두부 강타하시는데,그래서 누가 사형이라고? 이제 '그거' 해야지 '그거'《니 위로 내 아래로 다 집합》,작가인 브라보 장 입니다~! ‘기억흔적’은 5월에 돌아옵니다! 지금 이 순간에도 열심히 준비하고 있으니 잊지말고 기다려 주세요! 독자님들 정말 감사합니다.,곤란했으면 본인이 알아서 경찰서 갔음,곧 괴물되겠네 저 아줌마,가정사 그게 끝이 아니었다고?,아무리그래도 하얀이가 ㄹㅇ걍 순도 백 순혈인데 요한새끼보다 더 세지 않나?하고 위로중 작가님 전 진짜 독보적 개쎈쥔공을 ㅇ원해요..믿습니다,전갈눈나 죽음반대 청원 (1/9999),도민호 정말 독한 캐릭터다. 남재이는 가장 가까운 동료인데도 우승을 위해 불안요소라고 생각이 들면 경기에서 빼자고 말하네. 이런 마음과 각오가 나이가 적지 않음에도 최고의 자리를 지키게 하는것같다. 그리고 남재이도 주전으로 뛰며 우승을 정말 원하지만 팀을 위해 도민호의 판단에 수긍한것도 정말 대단하다...,슈자도 진심으로 한건 아니겠지 어디까지나 대련이니 대충한거지ㅋㅋㅋㅋ경기때도 일부러 상대 안죽일려고 비등비등한척 해주는데,저 사진에서 꽃이 무서워하는게 느껴지는거 같아...,이그니가 추정 SS급이였고 트래퍼들이 모여서 겨우 잡았는데 측정불가 급인 크라켄을 설백이 잡는다라 설황 이제 그냥 뒤졌네,아이고.. 솔직히 아주머니 심정도 이해가는데 어린나이에 부모님의 사랑이 아니라 눈치보면서 지냈을 가람이 생각하니까 맘찢어짐ㅠㅠ..,할머니 맞냐? 준네 예쁜데?,이거 은근 중독성 쩌네ㅋㅋㅋ 나도 모르게 쿠키를 받치게 된다,꽁냥꽁냥꽁냥꽁냥꽁냥꽁냥꽁냥꽁냥,그림체 좋아지는게 아니라 하이라이트만 콕 찍은건데요? 어디가 좋아졌죠?,아니 ㅋㅋㅋㅋ 최고의 칭찬이자 동시에 최고의 욕이네 ㅋㅋㅋㅋㅋㅋ 이 뭔 ㅋㅋㅋㅋㅋㅋㅋㅋ,다음화가 시급합니다,이거이... 쿠키냄새 아니니??,┌──────────┐│⌕ 렘│└──────────┘연관 검색어↳ 렘브러리↳ 렘브러리 신도↳ 렘브러리 돼지↳ 렘브 죽줘____________________ㅂ ㅈ ㄷ ㄱ ㅅ ㅛ ㅕ ㅑ ㅐ ㅔㅁ ㄴ ㅇ ㄹ ㅎ ㅗ ㅓ ㅏ ㅣ⇧ ㅋ ㅌ ㅊ ㅍ ㅠ ㅜ ㅡ ⌫¹²³ 🌐 🎤 | 간격 | ↲,소마 그냥 양학당하노 ㅌㅌㅌㅌㅋ,안돼.... 호열아재여기서 퇴장이야? 안돼!!!!!!! 호열아재 열성 팬이었다구!!!!엄마한테“엄마엄마 나는 나중에 호열아저씨가 될래요!!!!!”“엄마엄마 나는 나중에 호열아저씨가 될래요!!!!!”“엄마엄마 나는 나중에 호열아저씨가 될래요!!!!!”“엄마엄마 나는 나중에 호열아저씨가 될래요!!!!!”했단말이야!!!,뭐야 완전 앙큼해 귀여워,다음 화를 보고싶다 -> 기다리기 귀찮다 -> 에잇 쿠키쓰자 -> 아 뭐야 내가 생각한거랑 다르네? -> 응 별테 ㅅㄱ ㅋㅋ딱 이거 아니냐 ㄹㅇㅋㅋㅋ,라만ㅋㅋㅋㅋ쿠ㅜㅜㅜ완전 애잖아 개 귀여워ㅜㅜ,남대리가 너무 흘리고다니는듯,재밌는디... 사람들이 잘 모르누...,무리하게 연재하는 것보단 쉬고 하는 게 좋아요 휴재하셔도 독자분들은 이 작을 잊을 리 없고 작가님을 욕하지도 않을 거에요,베도때부터 봐왔습니다❤️정식연제 축하드려요🎉🎉🌸💕,진모리 = 박용제 빨리오는것보다 늦게오는게 더 기대됨ㄹㅇ ㅋㅋ,░░░░░░░░▄▄▄▄▄░░░░░░░█░░░░░█░░░░░░░█░░░░░█░░░░░░░█░░░░░█░░░░░░░█░░░░░█░░░░░░░█░░░░░█▄▄▄▄▄▄▄█░░░░░█▄▄▄▄▄▄▄▄▄▄▄▄▓▓▓▓▓▓█░░░░░░░░░░░░░░░░░░░█▓▓▓▓▓▓█░░░░░░░░░░░░░░░░░░░█▓▓▓▓▓▓█░░░░░░░░███████████▓▓▓▓▓▓█░░░░░░░░░░░░░░░░░░░█▓▓▓▓▓▓█░░░░░░░░░░░░░░░░░░░█▓▓▓▓▓▓█░░░░░░░░███████████▓▓▓▓▓▓█░░░░░░░░░░░░░░░░░░░█▓▓▓▓▓▓█░░░░░░░░░░░░░░░░░░░█▓▓▓▓▓▓█░░░░░░░░███████████▓▓▓▓▓▓█░░░░░░░░░░░░░░░░░░░█▓▓▓▓▓▓█░░░░░░░░░░░░░░░░░░░██████▀▀▀██████████████████,저번에 중증외상센터에서 호수보고 빤스벗고 소리질렀습니다,자현이랑 유빈이 화면공유 안하는거 ㄹㅇㅋㅋㅋㅋㅋㅋ성격 보인다 진짜ㅋㅋㅋㅋㅋㅋㅋ,배뎃 너희도 탑갈때 준비됬다면서 상성타령하잖어 똑같에 갱오면 저야지,특허 안내고 죽어서 이제 쟤꺼임 ㄱㅊ,아니 근데 철이 너무 불쌍한데ㅜㅜㅜㅜㅜ 아빠가 애를 전혀 신뢰하지 않네... 나쁜 아빠는 아니지만 배려있는 아빠도 아님.. 가족이 자식을 못믿으면 가족은 어디가서 마음 의지하지? ㅠㅜ 미애네 가족은 화목한거랑 대비되네ㅜㅜㅜㅠㅠ 그나저나 모진섭이랑 미애랑 어떻게 엮이나 궁금했는데철이랑 공부하느라 붙어다니는 미애에게 철이한테 관심있는 진섭이가 미애한테도 관심이 가겠네요 순끼 역시 스토리 빌드업 도라방스;,늑대새끼인가?,분량...이 문제가 아니라 재밌어서 짧게느껴짐,"서로가 서로에게 ptsd지. 재신이는 어린시절 금관때문에 죽을 뻔했고, 금관은 재신이의 전생인 천아 때문에 죽었는지는 몰라도 배에 칼 찔렸는데","근데 너네 아냐. 원래 임원은 정상인이 하는 게 아냐. 상무까지는 어떻게든 균형을 맞춰서 올라갈 수 있을지 몰라도 그 위로는 뭐든 희생해서 가는 자리야. 건강이든 부부든 자식이든. 그렇게 뭔가 버리고 대신 해서 얻는 게 그 자리야. 나도 어렸을 때는 전혀 몰랐고, 우리 아버지는 왜 이렇게 사시는 걸까 했어. 근데 내가 나이 들어보니 알겠더라. 아버지가 희생한 건 당신이셨어. 난 정말 그렇게 못하겠더라고.",작가님 몇주째 고구마만 먹고있는데 다음화엔 제발 사이다좀줘요 키갈까진 안바랄게요 ㅈㅂㅈㅂㅈㅂ!!!!!!,자꾸 고문하면 무의식중에 자기 살려고 다 말할 거 같으니까 그나마 덜 말하겠다고 혀 스스로 자른 거 너무 안타깝고 대단하다...,동정을 이기는 순정을 이기는 몽정,"┌──────────┐│⌕ 할마마마　　　　　　 │└──────────┘연관 검색어↳할마마마 사이다↳할마마마 성은이 망극하옵니다____________________ ㅣ ¹ · ² ㅡ³ ⌫ㄱㅋ ⁴ ㄴㄹ⁵ ㄷㅌ⁶ ↲ㅂㅍ ⁷ ㅅㅎ⁸ ㅈㅊ⁹ ?! ,.",야 악당된거 킹정함,도무간 = 토무간 = 무간(無肝)토끼 = 간없는토끼도대리 인생 무조건 파탄난다,"강철이가 한 말이 솔직히 내가 생각했던 내용이라 뜨끔했다.ㅠㅠ 솔직히 나도 인간이고 인간 주인공인 삼복이에게 이입했기 때문에, 삼복이가 나름 정의롭게 이무기 사업을 정리하고, 도롱이를 어찌저찌 용으로 만들고, 지금 이무기들을 다 풀어주고, 그동안 많이 번 돈으로 그냥? 추상적으로? 좋게좋게 행복하게? 살기를 은연중에 바랬던 것 같음. 그래... 인간 스스로는 절대로 이무기들이 원하는만큼 철저하게 정의를 실천할 수 없음. 인간에게 지배당하던 가축들이 원하는 건 우리의 죽음이니까..",신발 신으라고 200원 더 보탭니다,무지도 아직 처음이고 저기 사람들 중에서 어린 편에 속하는데 저 상황에서 당당하게 저분이 놔두라고 했다고 말할 수 있나.. 나도 못할 것 같다.,뭔가 할머니가 젊어진 것 같네ㅋㅋ,오징어 준 착한 친군데 불땅해ㅜㅜ,그러게 마리가 선이보다 작으니까 마리가 항상 선이를 올려다봐야 했는데 이상하게 선이가 마리를 계속 올려다본 느낌...,귀랑 볼 빨개지는 훈이... 너무 귀엽다........,하림이 묶여있는거 너무 귀여운거 아니니?? 이러면 곤란하다,근데 진짜 우진이 입장에선 현타 오지겠다 엄청나게 열심히 공부해서 의대가서 또 엄청나게 열심히 노력하고 공부중인데 몸에 칼하나 안대고 사람살리고 고쳐주니 내가 뭐하고 있나 싶고 이제까지 공부한게 다 무의미한 기분일듯... 물론 보라랑 힐러랑 같이 있는거 보고도 흔들렸겠지만...,호랑이형님 300화 축하드립니다~~~~^^,ㅋㅋㅋ대대장 위아래 없노 연대장한테 돼지도 먹을 것을 가린다니 ㅋㅋㅋㅋㅋㅋㅋ개뿜었네,저 노란분도 조곤조곤 존댓말로 개띠껍게말하네 ㅋㅋㅋㅋㅋ어쩌라는건가요 ㅇㅈㄹ ㅋㅋㅋㅋㅋ,쥽파이더맨 ㅋ,이제또 금지기술 정리하는사람이 베댓 가겠네~,아닠ㅋㅋ 공부해라 공부해라 애 들들 볶아서 글케 만들어 놓고 착하게 커라 ㅇㅈㄹㅋㅋㅋㅋ 나였음 쌍욕박고 나옴,얼굴이랑 몸이 되니까 저런말 할수 있는거지자신감 하나로 살지 맙시다열심히?이 세상에 이 대한민국에 열심히 사는사람 밖에 없어요특별한게 아닙니다 현실을 살아야죠연애는 사랑만으로 하는게 아니에요자판기커피 그거 하나라도 마실려면 돈이 필요하고시간이 필요한거에요무식한거랑 용기있는거랑 진짜 다른겁니다,드라이: 입자침투로 무장자제를 기능하지 못하게 만들면 될뿐.잉그릿드:오라 모글레이.드라이:어..저게 왜 가버리노?비발디:하..,근데 죽은 줄 알았던 선생님이 가발쓰고 자기 흉내내고 있으면 얼마나 웃길까ㅋㅋㅋㅋㅋ,안시준: 총각딱지 떼고 싶어서요,갈수록 첩첩산중에 가관이구먼..작가님 떡밥회수히시려니 힘드시죠?보는 즈희들두 힘들어유ㅜ,그치... 명옥님 솔직히 나같아도 멋진 모험을 하고 세계하나 구했는데 현실로 들어오니 다른사람들과 똑같거나 보다 못한 인생 살고있으면 그쪽이 더 그리울듯...,나만 장갑 입으로 물어서 벗을때 섹시하냐,재밌는데 나름 아직 스토리 진행 많이 되지도 않았고 그러니 더 재밌어질것 같은뎅,세자빈이 젤 무서워.. 이미 다 알고 경민이 데려간건가? 혼이 마음은 필요없고 세자빈 자리만 지키면 된다고 생각하는듯,저 할매 게임회사 사장아님?,아들 : 엄마랑 아빠는 어떻게 만났어요?엄마 : 아빠가 엄마를 두근거리게 만들었지..아들 : 어떻게요?엄마 : 차로 들이박았단다..,연우...그래...미리보기라는 걸 모르는 사람이구나...,지상 최고의 만화입니다,좋네요 좋아..❤️,"하데스의 모자에 달린 눈 네 쌍과 하데스의 눈까지, 총 다섯 쌍의 눈으로 티타노마키아 당시에는 전장을 살피고 지금은 명계를 다스리는 건가요? 신화 속 황금투구는 하데스를 보이지 않게 해주었는데 아컴에선 하데스가 더 많이 보게 해주니 작가님의 재해석이 너무 좋아요ㅠㅠ그리고 흑발적안은 무조건임 올림포스법 어쩌구저쩌구에 적혀있음.",empty,아니 가온 억울하게 당한거였냐고ㅋㅋㅋ,베댓 다 합친게 정답아님?ㅋㅋㅋㅋㅋ,"털선때문에 별테한다니; 웹툰은 스토리와 그림 모두 잘 써야되는 예술인데 스토리만 재밌다고, 혹은 그림만 잘 그린다고 칭찬을 받아야 할게 아님;뭐 그래프도 완벽하진 않지만 꽤나 좋아졌고 지속적으로 나아질 가능성이 있지만 털선이라는 그림에 치명적인 요소가 지속되는 한 독자가 작품을 평가하는 중요한 척도인 별점을 깎는건 절대 잘못된게 아니지스토리만 잘 쓸거면 그림작가를 구하던가 웹소설을 쓰던가해야되는거고",뮤탄트가 에이미 찐 오빠인가...ㅜㅜ,쓰레기중에 상쓰레기네,로섬이 기억을 잃으면서 건영이가 상황을 더 객관적으로 보게 된 느낌이에요. 제목이 거울인 만큼 로섬에게서 자신을 본 건영인 로섬에게 이입하기 시작할 테고 이게 건영이가 로섬을 데리고 아버지 곁을 떠나게 된 이유겠죠? 하지만 건영이의 이입이 언제까지고 계속될 수는 없을 거예요. 로섬이 인간다워질수록 독립적인 개체로서 건영이와 다른 존재가 되어갈 테니까요. 그 계기가 유은이라면 건영이가 더 비참할 거 같아서 씁쓸해지네요...,이 작품은 웹드 나오면 반응이 터질 듯 합니다🤩그때까지 작가님 길고 굵게 갑시다❤️기분좋은 봄 지내시길 바랍니다🌸,막컷 근데 이번엔 좀 싸하다라는 채팅 있는거 보니까 이건 질듯,와 지금까지는 잊어라 이젠 열렙전사가 더욱더 재밋고 신선한 스토리를 보여줄테니 심장이 두근거리고 댓글창은 폭주할것이다! 모두 열렙전사에게 박수를,1화만에 싸움 다 끝낸 웹툰은 쿠키 투자할 만한 가치가 있지 ㅋㅋ,생각해봣는데 이런만화에 저런 조직보면 꼭 전투 조직원들 ㅈㄴ 많는데 어차피 적들 손짓 발짓 눈짓이면 다날아가던네 전투직원은 왜뽑는거냐ㅡ,일호와 이호 1+1이라니... 가슴이 웅장해진다,도둑질한걸 뺏은걸 주워서 지맘대로 뿌리네ㅋㅋㅋㅋ,에이몬이 브리디 결혼 할까봐 걱정하는거 봐 .. (´༎ຶД༎ຶ`),어 뭐야 나 왜 배뎃이야,대체 주인공평판이 뭐얼마나 바닥이길래 이상황에서도 주인공 못믿고 저주인형도받았냐. 그와중에 미희 채린이 옆에서 채린이욕하지마!하고 한마디씩 거드는거 졸귀,딱보니까 누군가 시켜서 억지로하는 표정인데..ㅠㅠ시킨게 누굴까..,초아 키컷어..?,준수 어릴때 신나서 주문외우는거 왤케 귀엽냐ㅋㅋ,니가 잘할거라 생각한것입니까 휴먼?,"에로스의 말, 말투, 행동, 대응 등 무엇 하나 적합하고 따뜻하지 않은게 없다 ㅠ",데이트 신청 설레누 ㄷㄷ,2시간동안 쳐맞기만 한거네 진짜 대단하다 회복해도 맞을 때 아프긴 할텐데...,배댓왜케없어??? 나 배댓대는게 샤원이데 한번만들어줘 제발 나 배댓대면 학교에서 트월킹친다,남주도 잘생겼는데 여주가 너무 예쁨...,이건 무조건 권도완이 남주다. 썸네일(웹툰표지) 보면 상우랑 누구 하나는 딴 데 보고 있는데 권도완만 여주 보고 있음. 이건 찐이다 그치???,백한 충분히 의지되는 어른이고 그러고 싶어하는데 상황이 안 따라주는 게ㅋㅋㅋㅋㅋㅋ,라율이의 저 경멸하는 눈빛 너무좋당........…,아니 나만 임신사건 이렇게 넘어가는거 싫음?
best_comment4,삐용 삐용🚨🚨여자를 때렸습니다!! 여자를 때렸어요 네이버님!!네이버: 아 여자가 때려서 괜찮,충격 때문에 문제 생기죠? 국룰이죠? ㅋㅋㅋ,근데 진짜 누가 찔렀냐,매번 드는 생각이 저렇게 원한을 만들었는데 과연 패륜왕한테 결정타 치는건 누굴까.,하 시바 ㅈㄴ많은 생각드네...,수고하셨어요~~ 다음 작도 기대할께요,"✍라파엘 예상✍-밝은 주황빛 머리-예쁜 금안-조금은 까무잡잡한 피부-얼굴에 밴드-키가 제일 큼✍우라엘 예상✍-밤하늘을 닮은 흑발-푸른 녹안-하얀 피부-옷 단정하게, 손수건 챙김-키 제일 작음작가님 그림체 부드럽고 너무 예뻐요응원해요❤",뭘 널 위해야 이런 me친 도라이를 봣나,ㄹㅇ하차합니다 관심웹툰에서도 제거해야겠네,혹시 흑막은 청소부아주머니 아들 아닐까 생각이 드네 아들이 갑자기 죽었고 연락이 안된다고 하자나 근데 지하 비밀통로에 사람은 영혼을 바뀌는 부적과 프로젝트를 진행한다고 말한결과 청소부 아주머니 아들이 휴대폰으로 들어간거지그리고 휴대폰(청소부 아들)이 청소부 아주머니를 죽였다고 하는데 그런 상황을 직접적으로 보여주지 않았으니 거짓말 가능성도 있고 그래서 결론은 흑막은 청소부 아주머니 아들이다 이정도 했으면 다들 베댓된다고 하는데,앜ㅋㅋㅋ꿈사원들 너무 안 나온다고 맨날 베뎃 올라오니깐 등장시켜주신건가? 꿈사원들 오랜만에 보니 너무 반갑네,사실은 하나는 안죽고 연이만 죽은거 아님?그래서 돌아온거고.작가님이 곧 완결이라고 인스타에서 말씀하셨어요.뒷이야기가 궁금해지네,empty,윤정이 여주 등극 인정하면 개추좀 반박 안받음,고추장머리 저렇게 당해놓고 또 저 지랄을 한다고?ㅋㅋㅋㅋㅋㅋㅋㅋㅋㅋ 뒤져야 정신차릴듯 뒤져서 이미 차릴 정신도 없나,보면 볼수록 재밌는데,웜마 청비 웃는거 이쁜거보소,볼 때마다 느끼는 거지만 정말 표현력이.. 웹툰이 아니라 마치 시를 보고 있는 것 같네요,미리보기의 미리보기는 없는 건가요 ㅠㅠ 너무 궁금한데...ㅠ 빨리 셋이 만났으면..,그냥 대표도 전화 받을 때 모습이랑 도망 갈 때 모습 다른거 보니깐 나쁜놈 같은데... 파란 점장도 너같은 놈이 있어야 나도 돈을 번다고 하는거 보면,empty,ㅋㅋㅋㅋㅋㅋㅋㅋㅋㅋㅋㅋㅋㅋㅋㅋㅋㅋㅋㅋㅋㅋㅋ 어이가없어서 웃긴다,보통 저런상황이면 죽인다면 살려준다 약속해도죽이면 그냥 죽여버리는데여기선 진짜 살려주네 ㅋㅋㅋ 가면쓰는얘들 은근착하누 ㅋㅋㅋㅋㅋ,수호는 포기 안할것 아니 못할것같고 주경이는 계속 수호생각하는데ㅋ 약속한 우정 지킬 수는 있나ㅋㅋ,"프리퀄: 전편보다 시간상으로 앞선 이야기를 보여주는 속편이다.그럼 스토리 흐름은 엽총소년 > 스위트홈 이니까 엽총소년에 나오는 괴물은... 인간의 영혼...?을 강제로 갉아먹고 기생하는 형태인데, 그것엔 한계가 있어서 (좀 더 시간이 흘러 진화한 후) 괴물이 인간의 욕망을 교묘하게 파고들어 스스로 괴물을 받아들이게 하는 방법으로 방향을 튼게 아닐까?",메데이아 ㄹㅇ 집착광공재질.. 한번 내 손안에 들어온 것들은 날 떠날수 없어 언니 날 받아줘... 언니 옆에서 온갖 수발 다 들 자신 있어요 엉엉,최범 괴물아니냐 저 무거운걸 핸디캡이라고 하네,마지막에 사투리쓰는거 웃기네 ㅋㅋㅋㅋ,아니 왜저렇게 빛나는건데ㅋㅋㅋㅋㅋㅋ,"미회장님, 대체 동생에게 무엇을 가르쳐 주신 겁니까",예린 : 미X놈인가?,저 검둥이 귀여워,니들이 웹툰을 위해작가님 을 위해서 진실된 충고를 하는중 인지?아니면 그냥 똑똑한척 예리한척 가오에 지배되서꼬투리 잡고 독설중 인지 컨셉 확실히 잡자작가를 위해 충고하는척 하는 댓글들 역겹누,근데 너무대놓고 임신인거처럼해서 오히려 아닐가능성이 높아보이는군요!,엘다 승리의 포즈 취하는거 너무 귀여운거 아니에요 작가님??? ㅋㅋㅋㅋㅋ,"아빠 진짜 이해안가네ㅋㅋㅋㅋ 부인이 아픈데도 자기 신념 못꺾어서 죽인거나 마찬가진데 할머니 원망하는게 이해안감. 아프면 무속신앙을 믿어야한다는게 아니라, 부인이 아픈데 자기가 무속신앙 안믿는다고 손놓고 신병은 아님 암튼 아님 하는게 같잖음..",고추장땡기긴 처음이네,아니 나만 저거 이상해요??남의 집이고 심지어 당사자가 아이돌인데 대신 친구를 보내는건 좀 별로인데..,이 만화를보며 한강예찬의 우정이 부럽다고만 생각하다가 결혼하고 각자 멀리떨어져 살다보니 오래전 연락 끊겨버린 내 친구에게 연락해봤어요. 너무반가워서 울음을 터뜨린 나에게 무슨일이냐며 그리로갈까 물어봐주네요. 한강예찬같은 소중한 인연이 누구에게나 있나봐요. 다만 잊고있을뿐일지도...치열했던 내 20대 그리고 같이 울고 웃던 친구들을 떠올리며 잘봤습니다. 작가님 좋은 작품 감사해요.,명진이가 잘하긴 해 ㅋㅋ,배우자가 살해한 경우도 사별이라 부르는게 맞나?ㄷㄷ 국어사전으로 대가리 맞은느낌,헤으응 눈나 주먹잠깐만 넣.을.께♥,작가님은 최고에요 진짜,베댓돼면 바지에 똥싸겠습니다.,"아니...할머니 천년동안 부엌일 한다는거에서 이미 보통 사람 아니라는거 인증하신거에요...4,50년으로 말하시지...",작가님..? 제가 전과가 없어서 좀 떨리네용ㅎㅎ,건이 입주변 현실 고증 ㅈㄴ잘됐다ㅋㅋㅋㅋㄱㅋㅋ,항상 재밌게 보고 있습니다! 좋은작품 감사합니다😊,점점 기대되구낭,아니 작가님 문열어주세요그러게 완결각을 왜 잡으셨어요하루 드릴테니까 이 커플 결혼하는 것까지 준기하세요,ㅋㅋㅋ목숨걸고 장난치네ㅋㅋㅋㅋ,쿠키 3개씩....다 질렀다...,왜 그정도로 노여워하는거야 ㅋㅋㅋㅋㅋㅋㅋㅋㅋ,작가님 우리 같이 다음화를 올리는 실수를 해봐요ㅎㅎ,100억원 유산이 있던말던 끝판대장 오태경은그거 하루만에 준비가능하다는게 현타오는현실대한민국 3위그룹이면 SK정도인데어떻게 끌어내릴지 궁금,미리보기의 장점:미리볼 수 있다.미리보기의 단점:미리볼 수 없다.,"아이고,,,자기를 알아봐준 친구랑 데뷔하고 싶었구나 조조야. 그래도 리사한테 한 짓은 잘못.",백소가 자퇴한이유랑 방리나랑 멀어진이유를 알수있겠네요 제발 오해풀었으면ㅁ,저 트레이너가 심소봉 인거 아님ㅋㅋㅋㅋ?,송중석 테이프 때고 자국 디테일 뭔데ㅋㅋㅋㅋㅋㅋㅋㅋ,음식이 주는 힘이 참 대단하다는 생각이 든다. 그래서 우리는 함께하고 싶은 사람에게 같이 밥 먹자는 말을 하는 거겠지.,"댓글을 안 쓸 수가 없다.. 사실 만화에서 이렇게 구구절절 긴 설명들이 나오는 건 마이너스 중에 마이너스인데, 그걸 모르지 않는 작가가 그럼에도 불구하고 이렇게 긴 지면을 할애할 만큼의 그 의도와 마음이 궁금해진다. 아니, 궁금하기 보다는 알 것 같다. 작가분을 만나면 나는 물어보고 싶은 게 많을 거다. 카페에서 커피 한 잔 두고 인터뷰하고 싶다. 근데 내가 기자도 뭐도 아니니 핑계 댈 게 없다. 유튜브로 QnA라도 하시나? 클럽하우스로 독자들과 만나시나? 누구 알면 가르쳐주길. 나누고 싶은 대화가 끝이 없을 것 같다. 그래.. 하나 내가 발견한 건.. 내가 종교에 관심이 많아 이것저것 접해왔으나 우리 무속에 대해서는 직관적이고 솔직한 면 외에는(이것도 난 크다고 본다. 선전용 대형종교들 보다는) 그 깊이를 가늠할 수 있는 내용을 접할 기회가 없었다. 그런데 이번 화를 읽다보니 불현듯 내가 그 궁금했던 느낌들에 대해 어느 정도 충족받고 있다는 걸 알아차렸다. 아무튼 나누고픈 게 많다",킬리언의 안전를 위해 들어오지 못하게 단호하게 말하는 리에타 위급시에는 의외의 모습을 보여주는게 매력적인 것 같네요. 안나 역병을 이겨내기를....,"여기서 잠깐! 여러분이 아셔야 할 중요한 사실이 있는데요웬디는 케인이 다른 사람과 결혼을 하여 슬픔에 잠겨 술을 마시다 에이든의 따뜻한 위로로 웬디에겐 실수, 에이든에겐 계획...? 이지만 두 사람이 처음으로 만나게 된 것입니다즉, 케인이 없었으면 둘이 만날 가능성은.... 낮았단 거죠 결론은 케인 꺼져","노랑서원이로장우는 내 인생 최대 미스테리,, 대체 서원이는 누굴 좋아하는거지?",???:성좌가 백또에 단단함에 놀라서 100코인을 후원 합니다,혜나의 호출이다.수락하시겠습니까? ( Yes / No ),아 몰랐구나 전 영화안보고 누나보는데..,유다도 요한이랑 옛날에 행복했던 기억이 생각나서 칼은 못찔렀나보다ㅠㅠㅠ 너무 슬프고 짠해... 둘이 꼭 행복해라 제발...,난 쥐가문이 절대악인줄 알았는데... 나름 각자의 사정이 있구나,"작가님, 다음화에 나올 비키니에 장난 조금이라도 치시면 서로 불편해질겁니다.",내가 너 고백하는거 보려고 쿠키 구운거 아니다.....,나만 뭔가 저 꽃무늬 원피스일것 같냐....??,독자님들 마음은 알지만 맨날 베댓이 같은 말이라서 좀 속상해요ㅠㅠ 우리 내용에 대한 얘기 위주로 댓글 남겨요!!그나저나 남주 중간에 충격 받은 표정 좋고ㅋㅋㅋㅋㅋㅋㅋ 나중에 울면서 여주 붙잡자 냠냠...~ 하오츠,미리보기 더 없나요,현성아 칼은 잘 챙겼니..?,작작싸우라,3달뒤면 나 군대가는데....?,"나 외국어로 퇴치 시도해봤다가 기겁함. 말 걸길래 외국인인 척 영어로 말했는데, 너무 유창한 영어로 다시 말 거는 거임. 영어는 소용 없기도 하고, 내가 영어는 약한 편이라 이번엔 중국어를 했음. 내 전공이 중어중문임 ㅇㅇ... 그래서 한국어는 모르고, 영어도 서툰 중국인인 척 중국어로 말했더니 중국어로 대화를 시도하더라 심지어 잘해;;;; 기겁해서 뛰어서 도망 갔음. 내 친구는 불어 써서 퇴치했다는데 나도 불어 배워야 되나 싶고 그래...",마지막 코피.... 어머님 괴물화가 진행되고있군요ㅠㅠ,산호 집안 분위기 개판인데서 넘 오랫동안 살다 보니 자기가 싫어한 부모님 모습을 그대로 답습하고 있네 ㅠㅠㅠ 하숙하면서 사회성 기르고 찐친도 생기자 ㅠㅠㅠ 그나저나 둘이 같이 보는 영화 아가씨 ㅋㅋㅋㅋㅋㅋㅋㅋㅋㅋㅋㅋㅋ 작가님 여캐 좋아하는 거 또 느낀다,ㅋㅋㅋㅋ때릴곳이 없다니까만들어준뎈ㅋ 역시 빛하얀,박희진 → 바퀴진 이정도면 그냥 바퀴벌레아니냐,"남재이같은 경우는 코치로 전향할 가능성이 있어보이네요.팀 프렌차이즈 스타이기도 하고 멘탈케어를 해줄수있는 능력과 선수경력으로 다져진 경험으로 상대방에 대한 맞춤전략도 짤수있는 상황이고, 더구나 팀에 감독과 매니저 2명이서 하는 것도 리그가 커지게되면 한계가있으니 코치가 필요할것같기도 하구요.",처음부터 나르시스수를 알아본 호랑이들이야말로 이 만화 세계관 최강자들이다,선넘네 저건ㅋㅋ 말도 못걸면서 뒤에서 신상공개,토벌 레벨 측정 불가 크라켄 = 설백이 정리킹갓이그니 = 수많은 트래퍼들이 죽고 간신히 봉인이그니좌 오늘도 1승 적립.,가람이는 초등학생 부터 잘생겼군요,근데 솔직히 상식적으로 일인으로 던전 공략할리가 없잖어...,아줌마들이 막장 드라마 욕하면서 보는게 이런 느낌인가?딱히 특별할게 없는거 같은데 나도모르게 한번에 쿠키 다 구웟네,감자 냠 하는 거 졸귀네요.... 지수랑 도원이 벌써 친해지다니 이제 곧 둘의 꽁냥꽁냥을 볼 수 있는 것일까요 후하후하,스토리 재밌는데 정당하게 그렸어야지 뭐하러 남의걸 표절을 해서 일을 키운거람;; 에휴,조라세 혹시 악마와 인간 혼열인가?,근데 우린이가 막 나쁘진않은데... 그래도 지우한테 좋은사람은 하준이임,서로 등을 내줄 수 없는 잔인한 구조네요..,와 맹우신 생각한거랑 다른데 훨씬 더 잘어울리게 그렸네그나저나 신도 선착순이면 난 몇일까ㅠㅠㅜㅜ,내생각에는 카잔 원래는 더 쉽게 버틸 수 있는데 의수에서 빠진 나사 때문에 의수가 기능을 제대로 못해서 저렇게 애먹는듯,해치웠나 플래그 세우지 말라고옥!!,금유리 누가 금속공예 아니랄까봐 둘이 아주 반짝반짝 하구나야...,소재는 참 좋은데 참...차..하...쿠키초반에 단타치길잘햇다 휴,난 재밌다 이거,남대리 왜이리 공사구분못함;,여기까지 지른 흑우나와,작가님 힘드시면 쉬고 오셔도 괜찮아요!,오아앙 재밌다,씹무봉의 업적1.가만히 있던 진태진을 뒤치기함2.기껏 싸워준 진모리를 성배로 엿먹임3.지가 라그나로크의 영웅인 것처럼 역사왜곡함4.ㅈ같은 X세대 발굴로 별점 말아먹음5.어릴때부터 따라다닌 P를 임신시킴6.그것도 모자라 아들 이름을 박엑스로 지음7.신인합일로 여래봉이 된 후 지구를 개박살냄8.그것도 모자라 지구를 통째로 이사시킴9.나름 상만숙 관련 명분이라도 있는 줄 알았더니 상만숙 던져버림대단하다 씹무봉,"우리 언니의 모든게 고작 개비에슈틔 랍스타 사랑으로 무너진다는게 너무 빡쳐,,,,",아니 최성덕 졸귀라고ㅋㅋㅋㅋㅋㅋ 팀원이 테스트 보는데 정작 자기가 제일 진심인것 같애ㅋㅋㅋㅋㅋ,작가님?? 쾅쾅 문좀열어봐 유빈이 카메라 킨것좀 그려달라니깐??,눈나 무시하지마 우리 눈나는 카피라서 센 애들 상대로 더 쌔다구 ㅈㅂ 스킬 복사해서 진거야,아 ㅋㅋ 옥룡역린참이라고 들어는 봤냐고 ㅋㅋ,강아지가 달려드니까 어쩔 줄 몰라하는 늑대 같음ㅋㅋㅋㅋㅠㅠ,본 스토리 1챕터 시작,여주 성격 너무 맘에들어ㅋㅋㅋㅋㅋ남주가 굴복하기 전까지 계속 유지해 줬으면...근데 체력이 너무 약한거 아녀ㅠㅠ 빨리 강해졌으면....,좀 먼 후의 이야기겠지만 나중에 소천이 환생하면서 동시에 재신 몸속에 있는 천아 영혼까지 분리되면서 소천&천아 성불하면 딱 원작 느낌나지 않을까 하네요. 그리고 시간 지나고 재신이 소천 닮은 여자를 우연히 또 만나면서 엔딩나면 진짜 천녀유혼 오마주로 감동 쩔텐데...,김태궁 작가님의 상남자의 시리즈 웹 소설은 2021년 2월 17일 874화를 마지막으로 완결이 되었습니다. 웹소설이랑 웹툰이랑 약간 전개가 다른 부분도 있으니 혹시 생각 있으시면 웹소설도 읽어보시는걸 추천드립니다. 나름 재밌어요.,배댓 너무 희망스토리 아님? 이 작가는 또 답답하게 빙빙 돌려갈듯,"수아,,, 넘 착한게 솔직히 밥 먹고 돈 안두고 가도 아무도 모를텐데... 이 양심적인 말랑 햄스터야",순정지킨건 참멋있지만 나라면 했다,그래서 세자저하 이름은 이현 어떨까요 엄마 아빠 이름 합치는 것도 괜찮을 듯,피와 나비 ㄹㅇ 얼굴 맛집... 대부분 예쁘고 잘생김,그만큼 설레신다는거지~,새로운 가주라니 설마 일을 이어서 다시 시작 하는 건 아니지..? 언니 믿어......,꽃돌이 목소리 개좋네,저런 아지매들 진짜 많음 나도 저 비슷한 경우 겪어봤는데 4시간 중 3시간을 날로 처 먹었는데나 도와준답시고 진열물건 엉망으로 뜯어놓고지 퇴근시간 되니까 뒷정리 하지도 않고 아무데나 던져놓고 고대로 칼같이 집에 처 감 그 이후로 인사해도 씹고상종자체를 안함 나이 많다고 다가 아님 제에발 어른들아 나잇값좀 하자 못 배운 티 내지말고,맞네 주최자는 100년마다 교체될수있는거네기존 주체자를 이겼을경우이긴자는 주최가가되어100년게임을 이어가야하는거네고로할머니와손자는어쩔수없이사생결단 내야함,나는 갠톡으로 보낸줄 알았지...반 단톡이면....구주오 인생 진짜 어질어질하다,해나도 용돈 필요하니까 알바 한 거 아닌가...? 해나정선 밀지만 현실적으로 봤을 때 불안하긴 하다,주인이가 훈연두 오해하는 전개면...,너무재밌어요...천년만년연재해주세요,남자는 허린데......,이령 싸우는거보니 아린 찐텐으로 싸우는거 보고싶다가령 항마전이라든가 아니면 항마전 이라든가 또는 항마전 같은거,서효석 : 이 짓을 왜 한달이나 .. 여기 너무 빡셉니다.서효석 : (잠시후) 강희철 불만만 많아보여서 정이 안갑니다(???),애초에 난기선에서 정리가 가능했네,집사냄섀...🌼🌸🏵,진짜 피한울 뭐 있는거 아님?막컷 저거 수상한데..저번 베댓말처럼 피한울이 악역 아닐수도,진영이 조금씩 키 크는거 보인다 ㅋㅋㅋㅋㅋ,어어.... 실제로 병원에 간호사한테 저러면 굉장히 실례인데 ㅠㅠㅠㅠㅠ 더군다나 대학병원 응급실에서 ...ㅠㅠㅠㅠ 권역 응급의료센터를 가봐서 아는데 절대 저렇게 한가하게 말 걸 수 있는 분위기가 아님 ....,"영웅들은 지구와의 전투에서 레오와 드라이 외 전부 리타이어가 확정으로 보이고, 지구와 어떻게 싸우냐는 드라이하고 레오, 그리고 모비딕에서 다른 꼼수를 준비하는데 이걸로 싸움이 진행될거 같네요.그리고 모든 독자들은 드라이를 욕하며 벨붕을 외칠것입니다.이게 다 최상위 포식자 프레이님이 없어서 먹이사슬이 끝난 결과인거임.",그거아세요??여러분?엘사가 소리내서 웃은거 이번이 첨이에요제니퍼 웃은거 뿐만아니라 엘사 웃는것도 기억해 주자구용,왜하긴 EPL가서 리버풀 우승하는거 막으려고 가는 거지,세희도 쌍둥이 있는거 아님?,마왕이랑 명옥씨랑 뭔가 연결되어 있는게 맞는거같음 아무리봐도,난 누가 뭐라해도 시몬파다...상냥한 시몬다정한 시몬머리좋은 시몬가정폭력을 당하고도 가문을 따르는 안타까움과 공작을 죽이고 싶지만 세상구한 미모로 참을성을 기르게 해주는 시몬나라하나 바쳐도 부족할 만큼 잘생긴 시몬다 좋아..,갑자기 쳐발린다고?,근디 세자도 부인있는데 경민이는 눈치 일도 안보네,승전이든 패전이든 이름이 남는건 장수란다만복이 날이갈수록 뻔뻔햌ㅋㅋㅋㅋㅋㅋ,아 실제로 정우같은남자가 저렇게 고백 하면 바로 오케이 할 분들 몇이나 되는지 보자 일단 나 하나,제발 선배랑 연우랑 이어지게 해주세요ㅜㅠㅜ,겁나 재밌는데 더더 올랐으면,광대야. 내려와,포세이돈은 버리는 패네.아테나를 거둔건 이상할게 아닌듯,empty,누가알았겠어 전편 작가의 말이 진짜로 스포였을줄을...,그러니까 결국 정답은보고싶은데 못봐서 속상했는데 아름이를 좋아하는 남자애가 따라가서 질투나는데 그와중에 자기가 가르쳐줄 땐 거절하고 다치기만 하더니 이젠 잘 들어가서 그런거다.맞죠?!,그래프에 부모님보다 잠이좋은건 불속성효자인것인가?,그...절 올릴테니...미리보기 하나만 더요...,제발 둘 인생 망하게 해주세요 제발,작가님... 독백이 정말 주옥같아요ㅜㅜ 지금까지 서사가 나온 유은이 로섬 건영이 독백들 모두 좋은데 지금 퍼즐이 맞춰지고 있어서 그런지 건영이 시점의 독백이 유독 와닿는 것 같아요... 모든 주요 인물들의 이야기가 다 나오면 앞 내용들을 더 깊게 이해할 수 있겠죠? 넘 재미나서 토요일만 기다려요...!! 조만간 다시 정주행하면서 눈물 오리터 쏟아낼 예정,애들이 성장하는것 같아서 볼때마다 기분이 좋아요:) 저도 제 주변에 저런 친구들과 선생님 있길...간절히 바랍니다... 따뜻하고 한걸음 두걸음 성장하는것 같아 너무 뿌듯해요 좋은 작품 감사합니다 작가님!,다음화:휠체어 잘 타는법,사라진 열렙이를 찾습니다 이름은 모르겠구요 얼굴은 잘생?겼어요 능력은 뛰어나구요 돈준다함 바로와요..,이진아 빅딜 합격이다 넌 낭만이 차고넘친다,쟤 아지태랑 동족같습니다...인간 말로 터트리거나 인간잡아먹는게 똑같습니다흡사 아지태가 해모수잡아먹는거 오마쥬같음,"와...근데 신영우 작가의 기존 모티브랑 다르게 기존에는""강""씨 성이 최강자라는 느낌을 주고 연재 해왔는데 길재익을 공격형으로 두고 강정오를 수비형으루 두면서 공.수라는 컨셉으로 분야별 최강형으로 잡은건 신선하네...기존에 격투물이 1대1이나 1대 다수 아니면 각개격파 이런식이었는데 지금은 파티 플레이 개념으로 느낌을 줘서 개인적으로 겁네 신선하게 받아들여짐",마검 같은데 나중에 검한테 먹인다,브리디 겁 먹었어ㅜㅜ어뜩행,다음화부턴오로지 너와 사귀고싶어가 연재됩니다주인공이름 이기고>>사귀고,제하를 포가한다는게 ㄹㅇ X만을 위한 것 같아서 더 소름이야 ㄷㄷ;;,찬영이는 진짜 업보 아니었으면 옛날옛적에 취직 성공했겠다 독자 모두 감도 못 잡는데 단순히 김서방 발목 보고 뭔가 알아차리네 저정도면 면접관 질문 의도 파악하는건 껌이겠다,| 으음..? 벌써 완결이 |　　　＼ 다가오고 있다고? /　　　　￣￣￣￣∨￣￣　　　　　　　。　　　∧ ∧　.?　|￣￣( ´Д｀)￣||＼⌒⌒⌒⌒⌒⌒＼|　 ＼⌒⌒⌒⌒⌒⌒＼＼　｜⌒⌒⌒⌒⌒⌒⌒|　 ＼|＿＿＿＿＿＿＿_|,소름이 쫙 돋는다 작가님은 연출의 신이세요... 이 웹툰은 지금보다 훨씬 더 많이 떠야한다 네이버 제발 홍보 좀 해줘라 더 많은 사람들이 못봤다는 게 너무 아쉽다...,"이젠 예체능마저 A.I에게 밀릴 수 있다고? 정말 이 웹툰은 A.I가 얼마나 뛰어난지, 그리고 얼마나 위험한지 제대로 알려주는 명작이다! 인공지능이 피아노를 생전 쇼팽처럼 칠 수 있다니ㄷㄷㄷㄷ",하ㅠㅠㅠ이렇게라도 페르세포네 숨통을 틔여놓는 친구가 생기니까 마음이 놓인다ㅠㅠㅠ,"이거 소설 읽어 보신 분들은 알겠지만, 사이다로 시작해서 사이다로 끝나요. 위기가 몇번 오긴 하는데 전화위복식으로 다 극복합니다. 끝까지 쭈욱 보시면 독자님들 다 만족할만한 결말이니 중간에 하차 하지마시고 계속 달려주세요!",선혈포식자 아트록스 생각나서 ptsd오네 ㄹㅇ,여주 나 같다 아 얼굴 말고 돈 좋아하는 거요,그럼 이제 커플 인형까지 가졌으니 좀 사귀죠,이런 작가님 제 쿠키를 털러 오셨군요기꺼이 드리겠습니다,파블아 슬슬 나와라ㅋㅋㅋㅋㅋㄱㅋ 백한이 봐야지ㅋㅋㅋ,이건 주인공이 바람펴도 킹정이다,난 오레오 오레오 최고 오레오 최고
best_comment5,그래서 저기 고등학교에 그 쓰레기 선생있어서 간건가,세상을 설계한 신이 있다면 어디선가 이 세계를 지켜보고 있을 거라는 상상을 가끔 했었어요라키모아들의 세계가 하나의 거대한 트루먼 쇼가 되어버리는 흥미로운 설정이네요사람은 자신의 존재가 부정당하는 것을 가장 두려워합니다그래서 브랜든이 올미어를 향해 혐오를 느끼는 거겠죠그러나 인간 역시 수많은 세계를 지켜보며 그 안의 ‘사람’들의 존재를 진지하게 이해하려 하지 않죠결국 또 똑같은 존재라는 생각이 듭니다어쩔 수 없다는 생각도 들고요,인턴이 찔렀나보네,첫왕자가 망나니라 착한애를 뽑았더니 너무 착한애가 뽑혔어 ㅋㅋ,"각 한편 한편들이 가슴이 아파요.참 수수한 서로가 만나 독자들에게 보여주는 사랑은 ‘순수’ 그 자체로 보이지만, 성훈이의 속사정을 알아버린 상태의 우리가 볼 땐 가슴 한 쪽이 먹먹한 기분일거라 생각해요. 주변에서 뭐라고 하던 난 지금 내 옆의 네가 제일 소중하고 중요하단걸 누가 모르겠어요.. 사랑하는 사람 또한 그렇게 생각하고 말해주는 여자인데 어떻게 손을 놓을 수가 있을까요.. 성훈이에게 여자친구는 이미 자신의 몸과 같은 존재에요. 여자친구가 아프면 자신도 아픈걸 알아요. 자존감이 많이 무너진 상태에서 사랑하는 사람과 시간을 보냈던 성훈이에겐 끓는 물에 손을 넣으면 아플거란 당연한 고통을 느꼈던거 같아요. 끓는 물이 되어버린 자신을 보며 수없이 자책을 하며 아파하는 모습을 알게 된거라 생각해요. 마음이 맑고 생각이 깊으며 타인을 위할 줄 아는 성훈인 과연 이 시기를 어떻게 받아들일지. 사랑받고 사랑을 주는게 너무나 큰 고통이고 그 고통은 우리는 늘 필요로 한다는게 너무 슬픕니다.",◽◽🙌🙌🙌🙌◽◽◽🙌👏👏👏👏🙌◽🙌👏◽◽◽◽👏🙌🙌👏 완결축하 👏🙌🙌👏 합니다 👏🙌🙌👏◽◽◽◽👏🙌◽🙌👏👏👏👏🙌◽◽◽🙌🙌🙌🙌◽,고양이가 나오는 웹툰치고 재미있지 않는것은 없다..,근데 난 송아가 ‘너 다른여자 만나고 있잖아’ 이 얘기를 안하는지 머르겠음,여기 주인공빼고 다 ㅂㅅ만 모여있나요?,흑막이 청소부 아들아님;;진회장한테 흑막이 연락하고 꼬드겨서 지하실에 방 만들고 거기서 청소부 아들을 실험했잖아순서가 안 맞다구..,to be continued 대문자 소문자 조합이 바뀌는 것도 떡밥인가요...?,"늘이가 조심히 가라는 말이 뭔가 현실 세계로 조심히 가라는 말처럼 들림,,,",empty,솔직히 월요웹툰 쿠키맛중 이게최고임 ㄹㅇㅋㅋ,혹시 범죄자놈 만나 얼굴보는거면 그냥 의자에 몸 묶어서 산에 버리고와라.. 제발...,이거왜끝나가는거같냐,잘보고 갑니다^^♡,소설엄청납니다 여러분.. 소설로 뛰어오세요.. 작가님 필력은 절대 쿠키가 아까울 틈을 주지 않습니다 ㅜㅜㅜㅜㅜㅜ 소설 보세여 여러분 ㅜㅜㅜㅜ😭😭😭😭😭,여기서부터군 진짜 스토리..,대표는 확실히 뭔가 계획이 있는듯,empty,그린거 너무 귀엽다 ㅋㅋㅋ,나진이가 일부로 죽어준거겠지,수아랑채린이 우정다지자면섴ㅋㅋ 가버리는거야?ㅋㅋㅋ,"분석 1.이때는 괴물화 초기이다 2.저 일진 여학생이 전담을 필때 칸막이 밖에는 괴물로 추정되는 실루엣이 보였다3.공격한것처럼 보였지만 여학생은 죽지않고 살아있다즉 욕망으로 인한 초기 증상이 생겼으며 전에 나온 피는 괴물로 인한 상처가 아닌 코피이다 4.크루크루(이은혁) 닉네임이 나왔으나 이은혁이 피리퀄로 등장하기에는 어려움이 있어보이지만 현수가 그린홈으로 이사했던 시점만 잘맞춘다면 현수 재등장 가능성은 높아진다 5.장소가 서울이라면 신중섭패거리 재등장 가능성도 있을것이다6.현재 재등장 가능성이 있어보이는 인물은 차현수,이은혁(크루크루활동명으로 sns활동),정재헌,신중섭,해적방송에서 나온 피난민들7. 스위트홈에서는 알려지지 않은 욕망으로 인해 괴물이 되는 원인이 무엇인지 나올 가능성이 있어보인다",아...메데이아를 너무 무르게 생각했네ㅋㅋㅋㅋㅋㅋ떠난 고용인들을 일부러 적대 가문에 보내서 갖은 고초를 겪게 한 뒤 몰래 구해줘서 자기 편으로 만든 거였구나...그래도 메데이아가 프시케의 질책을 듣는 상상을 한다는 건 자기 행동에 대해 양심의 가책을 느낀다는 증거라 분명 이전과는 달라진 메데이아라는걸 느낄 수 있었음...새삼 프시케가 메데이아에게 정말 커다란 존재구나 싶다,"척준경 고려시대의 무인이자 문관으로 황해도 곡산 출신이다하급 남반 관리 출신으로 숙종 명효왕 대에 무관이 됐고 예종 문효왕 시기 여진정벌에 참여해 큰 공을 세웠다. 1, 2차 정벌 동안 재상인 윤관과 친해졌으며 전쟁 종결 후 문관직에 올라 점차 강한 권력을 쥐게 된다. 인종 공효왕 대에는 외척 이자겸에게 포섭되어 정권을 주도했지만 결국 인종에 의해 제거된다. 척준경은 전쟁에서의 공은 걸출했으나 정쟁에서는 갈피를 잡지 못했고 이는 결국 초라한 결말로 이어져 후대의 평가도 갈리게 되었다.",와 나 소름돋는게 이때까지 계속 약물강화 나오는데 그게 천둥이 안맞으리라는 보장있음? 쌍둥이들이 좀있음 완성된다니까?이런말 하는걸봐선 완성된걸 천둥이 맞을거같음 그러지 않고선 총리를 이길수가없음..내 말 좀있음 성지된다,올라갈때 불빛때문에 좀비고 사람이고 다 쳐다보는거 왜케 웃기냐 ㅋㅋㅋㅋㅋㅋㅋㅋㅋ여자애가 미친x이래 ㅋㅋㅋㅋㅋㅋㅋㅋㅋㅋ,폴더폰 쓰던 관우가 엊그제같은데 z플립을 쓰다니....이 할미는 여한이 없어요ㅠㅠ,예린이가 훈 선배한테 봉강이 생각읽을수 있다고 말할듯,좋구만,일단 좀 지켜보자 방구석 만신들아,10년전 남친이었던 놈이 나보고 효년이라는 오타를 보냈던게 생각이 나네요..그 남친놈이 신랑이 되었네요..허허..,"와, 마력만 있음 다 잡는건데 라고 말할때 베라 팔에 머리 수그려지는 엘다 왤케 귀여움?","남편 너무 이기적이네.. 사랑하는 아내, 자식이 아프면 미신이든 귀신이든 부디 우리가족 건강하게해달라고 이름 없는 신도 찾고, 물그릇떠놓고 절도 하고, 무당이든 퇴마사든 어디든 손벌릴탠데 미신안믿어유~ 하고..",갑자기 오이고추에 고추장 챱챱찍어 먹고 찬물에 밥말아먹고 싶은 화,저만 여기 작가의 말 좋아하나요..?,tvn 청춘시대 스멜~ 넘 좋아요 청춘시대는 대학생얘기니까 그 다음인 직장인 이야기로 딱이다 진짜 ㅠ,확실히 못박을만한게 이건 농구만화이긴 하지만 소년만화가 맞다 가비지타임이랑은 장르가 다르다고 생각하는게 편하겠어..,(탈모) 진행형과 완전형의 싸움..웅장해진다,살살 해..줘...,그림도 넘 예쁘고 아련하고 슬프고 그래요 ㅜㅠ,{\_/}( •-•) 작가님 쿠키 드릴게여 (*´∪`)/ >🍪\{\_/}(•-• )🍪< \ 아냐 한개론 부족해 (*≧∀≦*) {\_/}( •-•) 2개 드릴게요 (*•̀ᴗ•́*)و ̑̑/ >🍪🍪,금난전권 왜 모르는 척 하시나? 이미 안다구 했으면서,아 도영이 알게되면 진짜 맴찢 ㅠㅠㅠㅠㅠㅜ,이제 건이 저 사실알게되면 김복만 죽이겠네 ㅋㅋㅋㅋ,꼭 찍먹해봐야 아는부류의 사람이 있는데 그게 오꽝이네 ㅋㅋ,이 웹툰 안보는 사람이 왤케 많냐.... 재미있는더...,그래서 작가님 시즌2는 결혼편이라고요?,"잠깐 상상의 나래를 펼쳐보자면, 강룡이의 엄마는 오래전 무공에 미친 아버지를 떠난 집나간 딸내미였던거지.집나가서 결혼을 하고 가정을 꾸렸는데, 남편이 하필이면 아버지가 무림정복을 하는 패업 마지막에 반기를 드는 해동검문이란 곳의 젊은 수장이었던거야. 아버자는 막상 혈육의 정앞에 이러지도 저러지도 못하고,그동안 걸어왔던 발자취에 회의만 들고 있는데,제자란것들이 음모로 사위놈을 죽이고 목매달았네? 더불어 딸내미는 자취를 감췄고 말이야.성질나? 안나? 그래서 싸그리 죽였는데,이젠 그걸로 제자란것들이 사부 뒤통수를 치네? 겨우겨우 살아나 불구의 몸으로 복수를 계획하고 있는데 자취를 감췄던 딸내미가 자식과 함께 자신을 찾아왔네.그렇게 덜컥 외손주가 생겼지만,첨에는 자신에게 반대하던 사위놈이 떠올라 냉담하고 복수의 도구로 써주리라 계획하고 있었던거지.그런데 나날이 딸내미와 외손주와 지내면서 혈육의 정이 나날이 생겨나면서 자신의 지난 인생과 패업으로 인해 희생당한 사람들을 돌이켜보게 된거지",쿠키 3개였네 하 아깝..지 않네 만족한다,어머님 표정 ㅋㅋㅋㅋ,아니 그래서 저기 제자가 현우 아래잖아.그러니까 현우한테 길드를 가져다 바치는 꼴이잖아?중국 그럼 현우꺼임?,지서재가 맨손으로싸워서 그렇지 너클끼면 ㅈㄴ괴물이겠는데ㅋㅋㅋ작살꽂히고 싸우는거보소 무기써라 서재야,아이고 문지기 미래 자식이랑 생이별했네 ㅋㅋㅋㅋ....ㅋㅋㅋㅋㅋㅋㅋ.....,제야는 아버지 생각 많이 하구나... 따수하다...,그러면 방리나는 백소연이 자퇴한 게 자길 피한거리고 생각한건가 그래사 그걸 또 배신당한 거라고 생각하면서 미워한거고...이런거면 방리나 단단히 오해했네.무작정 따지지도 않고 지 기분대로 하네,흰님... 저녁 운동... 시간입니다......... 근손실이 느껴지지 않으십니까!!?!?!?!?!!,지웅아 예지한테가라고 저 멍청한 ㄴ한테 가지말고,진짜 눈치가 없었던거구나 ㅋㅋㅋㄹㄱㅋㅋㅋ 왜 알고 나니까 그 전 모습들도 다 허당같고 귀엽냐 ㅋㄹㅋㅋㄱㅋㅋㅋㅋ,"우와, 책 한권 분량 입니다. 대서사시 같아요.",킬리언 어머니.... 리에타랑 완전 닮았다......,생각보다 별론데? 난 내심 기대했는데....미안하다,둘이 왜 묘기부려? ㅋㅌㅌㅋㅋㅋㅋㅋㅋㅋㅋㅋ아 귀여워,2주뒤에 입대,"이제까진 질질 끌려다니거나 갈팡질팡했는데 은색여우 차원문으로 시공의 폭풍에 참전했다는 소식에 미키에게 손절선언하고 조금씩 주관적으로 나아가는거 같은데, 어째 불안해보이긴 함....",찐사랑이지만 너무 맞춰주는것도 아니지ㅠㅠㅋ,"ㅇ, 유성이 살아있죠? 그렇죠..? 그냥 길 가다가 넘어져서 뒤로 누워버린거죠..??",뱀 지금 깝치니까 호랑이한테 쪼이겠네,ㅋㅋㅋㅋㅋㅋㅋㅋㅋㅋㅋㅋㅋㅋㅋㅋㅋㅋ미치겠네 야이 수영복무새들아,어우 나는 당신 별로야,완결날라면 아직 멀은거같아서 행복하닿ㅎㅎㅎㅎㅎ그나저나 맞선남 엑스트라 캐릭인데 개맘에드네 고승준은 넘사벽이라 어쩔수없지만 최소한 흑발 그새끼보다 맞선남이 백배는 더 호감인듯ㅋㅋ,저 노랑머리 친구 새뤼 나만 의심가나.. 연기가 수준급 백퍼 착한사람 아니다!!!,도대체 범인은 어떤 사람이길래 현직 의원을 협박하고 정치인들 영상을 뿌릴 수 있는걸까...,저기 작가님..현성이 겨우 13살인데..?소중히 여기는 사람들 다 돌아가시면 현성이 멘탈은..?현성이 그냥 사기 잘치고 동생아끼는 초6인데..?저기요 작가님?쾅쾅 아니 초콜릿드리러 왔는데 잠시 문 좀 열어보실래요??현성이 멘탈 어떡할건지 얘기만 해주시면 갈게요!현성이 행복해지는지만 알려주면 가겠다니까 그러네!!,회차수가 더 적은 정글쥬스는 ylab 홈페이지에 등록되있는데 평화선도부는 등록도 안되있음,아 어디가 이렇게 끊고 가면 어짜라는 ㅠㅠㅠㅠㅠㅠㅠ,내가 예전에 어디 인터넷에서 어떤 행인이 도를 아시나요 퇴치했는데 그 방법이...ㅋㅋㅋ도를 아시나요: 저기...말씀좀 잠시 나눌 수 있을까요?행인: 네?(이새끼 도를 아시나요네...)도를 아시나요: 인상이 너무 좋으신데... 혹시 도를 아시나요?행인: (엄청 큰소리로) 네???!!!! ㅅㅅ요????!!!!!!!!!(주변 행인들 다 쳐다봄)도를 아시나요: 네?(엄청 당황)행인: (엄청 큰소리로)네???!!!!! 여기서 지금 바로요??!!!!!!!(주변 행인들 심지어 건너편 행인들까지 모두 집중)도를 아시나요: (도망),그냥 K 죽도록 패고싶다,저 언니 말고 진주 보여주세요,아니 대체 서요한이 왜저렇게 쌘 거임 너무너무너무 궁금해,학생식당 그림중에 대가리가 장수풍뎅이인애는 도대체 어떤삶을 살아온거지?,도민호가 왜 독한거야 ㅋㅋ우승을위해 남재이에게 빠지라고한것도 어느정도는 맞겠지만 남재이 미래를위해 저러는거자나 도민호가 그렇게 독하면 이전에 회차에서 손목터널증후군이 심해져서 의사가 수술하라고 권유했을때 애초에 감독에게 얘기하고 남재이 출전못하게 했겠지저건 독해서가아니라 진짜 친구로서 남재이의 미래를위해 수술하고 얼른회복해서 굳이 선수생활이 아니더라도 다른쪽으로도 활동할수있으니깐 회복하고 다시시작해보자뭐 이런식으로 남재이를 위해 말한거지 단지 우승에대한 갈망으로만 남재이한테 저런말을 한거겠냐ㅋㅋ,"""방금 생겼어 난 개인적인 원한""ㅋㅋㅋㅋㅋ나르시수스도 가만 보면 개그캐라니까",여자 남자할거 없이 도촬(몰카)는 범죄입니다. 그리고 유포까지.. 스토리 때문이라해도 잡아서 재호가 참교육 했으면하는..,바다에선 설씨랑 싸우지 말라는말도 있는데 몇세기동안 바다에서 청룡이란 비빈 크라켄.. 핸즈보다 센거 아니냐,"근데 뜬금포이긴한데 예전부터 생각해 온 게 약간 현대판,,,한국판 포뇨같지 않아여? 포뇨도 사람피 먹고 사람되잖아여 으흠 애틋행 신비 가람 잘 돼라! ㅠㅠ",다 모르겠고 다음화,아니 ㅋㅋ 미안해미치겠다면서 왜 그따구로 굴음?? ㅋㅋ,아 뭐야 저 노란 흰머리;; 우리 지수는 도원이랑 감자랑 놀아야 하니까 꺼져,윽 의식 하시나봐요~? 붉은끼두 점점 옅어지고... 눈에 하이라이트도 넣기 시작하구 ㅋㅋㅋㅋㅋ,뇌피셜이긴 한데조라세가 보통 인간이 아닌거 같음저번에 대마왕 회상 장면에서 딸 머리색이 은색인것도 약간 맘에 걸리고..,현실로 치면 둘다 좋은 상대는 아님.. 진짜 둘다 여자 인생 고생이란 고생은 다시키고 피곤하고 힘든 스타일들인 남자들임.. 하준이는 연예인이고 심지어 이제 막 꽃피우기 시작한 아이돌이니 안봐도 기사에 팬들에 여기저기 다 휩싸여서 상처받고 여자만 힘들어지고 그럼 우린 같은 경우는 금수저에 저런 벌래같은 여자들만 엄청 꼬일거고 일단 우린 인성 자체가 구림암만 여자와 님자가 사이가 좋다해도 돈이나 연예인 일반인 이랗게 되면 없는 쪽이 어쩔수없이 자존감이 없어지고 기가 죽는거임.. 그럼 한쪽만 엄청 힘들어짐,"대정이가 희천이 스파이라기보단 희태가 희천에게 항복했고, 대정은 희태 엄마 구해야하니 저러는듯..",이 만화특징 댓글안보면 대신관이름 까먹음 ㅋㅋ,유일한 정점. 발돈.... 가슴이 웅장해진다. 죽었다 생각했는데,그래서 전쟁터에서전쟁은 언제끝나는데 ㅋㅋㅋ,이작가 데뷔작이 병맛 끝판왕이라는거 아직도 인정못하겠어....,뭔 실력으로 이기래지가 죽여놓고,재밌어요! 호랭총각때부터 내용이 너무좋아서 작가님 항상응원합니다!,뭘하던 로맨스로 엮는 사람들 옆에 있는거 정말 스트레슨데...힘내라..,재밌어요. 그런데 전신 그림이 나올 때마다 비율이 너무... 뭐랄까. 잘 모르겠어요.,내가 뭘 안 봤나 했더니 이거였어,헐 기여엉...,목요일 웹툰중 가장 늦으셨네요,나비에 인생이 황후 그 자체였다는 코샤르의 말이 오늘따라 왜 이렇게 애달프게 느껴질까 창문 밖 나비에의 또래 아이들은 즐겁게 뛰어다니는데 그와 상반되게 열심히 공부하는 어린 나비에의 모습이 뭇내 마음이 아프다,호수 ❤ 예린 주식 산 사람들 푸쳐 핸즈 업!,홍유빈 당장 카메라 켜.,제이드 진이유 방심해서지 속도 믿고 깝치는줄알고 ㅋㅋ 개느리죠?ㅋㅋ 하면서 얕보다가 방심해서 같은속도로 맞고 죽은거지 뭐,달빛검객 야스오 [1820RP],╭ ⁀ ⁀ ╮ ( '👅'　　)　　　기여워╰ ‿ ‿ ╯ 　　　　　　　　╭ ⁀ ⁀ ╮ 미애 　　　　　( '👅'　　) 　　　　　　　　╰ ‿ ‿ ╯ ╭ ⁀ ⁀ ╮ ( '👅'　　) 　　　　　짱귀여워╰ ‿ ‿ ╯,서리가 푹 안기는데 그걸 뿌리친다고?,여주 기 존나 쎔,진랑 포스 지리네... 천년 묵은 구미호 서있는 것만으로도 간지난다...,와... 김차장 마지막 대사!가슴에 훅 파고드네 여운이남네..,"작가님...원래 쿠키 쓰는 거. 싫어해서 무료분으로만 보던 사람인데요...이 웹툰에서 난생 처음으로 쿠키 질렀는데, 솔직히 만족한다고는절대 못할 거 같네요... 벌써 고구마만 거의 5주짼데....다음편엔 제발 사이다좀 있었으면 좋겠습니다...",밀정 채씨 잠깐 차에 타봐...... 작가님 연경이 어떻게 좀 해주세요 내가 죽을것같아,아아...삼촌이 40년간 가족들에게 맞아가면서까지 지킨건 동정이 아닌 순정...메모...,아.. 울망울망 하신 할아버지가 저 드러운 여자 말에 넘어가는줄 알고 걱정했어요... ㅎㅠ 다행,자영이 어릴때 너무 예쁜데,아뇨 썩 꺼지세요랰ㅋㅋㅋㅋㅋㅋ,"삼복이 말이 공감가고 이해가지만죽어가는 강철이 대사보고 뒤통수 세게 맞은 기분이다.플라스틱과 비닐을 먹고 질식해 죽거나 다치는 동물들에 대한 얘기까지 안가도 라쿤이나 코카투 같은 열대동물들을 제대로 관리하지않고 귀여운 외모만 마케팅거리로 삼는 소위 이색동물 카페, 마찬가지로 특이하고 사랑스럽고 귀엽다는 이유로 마구잡이 교배되는 사바나캣(야생 서벌+샴고양이), 스코티시 폴드, 먼치킨 같은 품종묘와 품종견(골든 리트리버, 불독, 등등)들을 보면 사람들은 동물과 식물, 자연을 지키기 위해선 여태까지 해왔던 만행들을 갚아나가려면 아직도 멀었다는 생각이 든다. 물론 수의사들과 환경운동가들이 지속적으로 목소리를 내고 있지만...(왜 수의사들이 인류애가 사라진다고 하는지 알거같다",누가 우리 꽃돌이 신발 좀 사주세요옥...,이래가지구 사회생활은 그냥 착하게하면 호구로 봄,할머니가 백년게임 우승했나,총쐈으면 피가 묻어있었겠지,유일한 보호자를 ‘거스르는’ 건 미성년자한테 정말 불가능에 가까운 일이라 정선이 두려움이 뭔지 너무 와닿는다... 지낼 곳부터 시작해서 경제적인 부분 등 모든 게 불안정해지는 거니까ㅠㅠ 그런 불안감을 해소해주는 해나가 정말 좋은 쪽으로 구원자였으면 좋겠다ㅠㅠ,지난화 첫번째 베스트 댓글인데 대가리 박습니다.,아 경찰수 깨어나자마자 다시 잠듦ㅜㅠㅠㅠㅠ 짱돌에 머리 맞고 주먹에 머리 맞고 괜찮은거에요...?ㅠㅠㅠㅜㅜ,디스크 환자로서 하나 말하자면 나도 아직 미필이지만 내사 고등학교때 척추 두군데가 터졌음...다행히 수술은 하지 않았는데 얼마전 신검을 보니 4급이 나옿 것 같은거야... 그런데 주변 친구들이 부럽다니 뭐니...나도 디스크 걸리고 싶다니 뭐니...진짜 제대로 디스크 걸려봐야 아는데... 진짜 그런말 하지 말아라....,이정도면 그냥 이령이 이령의시 다 죽이는게 더 나을듯 무슨 시가 이령을 안지키고 걸리적거리다 못해 이령이 시들을 지켜주노,난 이제 강성재보다 희철맨한테 감정 이입된다. 군대 다녀 온 사람들은 저런 경험있지 않아? 한 분야에서 특출난 후임이 갑자기 들어와서 평소엔 칭찬받으면서 하던일을 갑자기 비교당하고 안 좋은 소리 들으면서 하게 되는 거.희철이는 진짜 초에이스다. 대부분 김관철이나 군수담당관같이 쥐뿔도 없는 것들 한테 욕까지 먹을 바에야 차라리 보직 변경하고 말지 공부까지 하면서 개선하려고는 절대 못할듯.,도데체 그 궁극의 초인을 누가 잡았냐고 이반새끼는 아닐거고,여기 심쿵사....,피한울 성격상 보면 오정화 편지 받자마자 버렸어야 정상일텐데... 저렇게 종이백에 넣어둘 정도면 피한울도 뭐가 있긴 있네괜히 여지껏 복선 깔아준 게 아닐껄?,비친다고 자기 옷 벗어주는거 봐.. 저런 남자가 어딨어 진짜 최고다 이하민,간호사 바이블이다...여러분 만화입니다. 실제로 저렇게 들이대지 마세요ㅋㅋㅋㅋㅋ,역시 덩치큰 영식들 전부 훌렁훌렁 벗어제끼면 결국 사람형태에 가깝나보네,미친 센 얼마나 세진거야 힘이 약해졌다해도 추기경인데 목을 잡아버리네,애들 시준이가 영입 제안 받았다는 거 알면 더 절망하겠네ㅋㅋㅋㅋ,⢀⣀⣀⣀⠀⠀⠀⠰⡿⠿⠛⠛⠻⠿⣷⠀⠀⠀⠀⠀⠀⣀⣄⡀⠀⠀⠀⠀⢀⣀⣀⣤⣄⣀⡀⠀⠀⠀⠀⠀⢸⣿⣿⣷⠀⠀⠀⠀⠛⠛⣿⣿⣿⡛⠿⠷⠀⠀⠀⠀⠀⠘⠿⠿⠋⠀⠀⠀⠀⠀⠀⣿⣿⣿⠇⠀⠀⠀⠀⠀⠀⠀⠀⠀⠀⠀⠀⠀⠀⠀⠈⠉⠁⠀⠀⠀⠀⣿⣷⣄⠀⢶⣶⣷⣶⣶⣤⣀⠀⠀⠀⠀⣿⣿⣿⠀⠀⠀⠀⠀⠈⠙⠻⠗⠀⠀⠀⣰⣿⣿⣿⠀⠀⠀⠀⢀⣀⣠⣤⣴⣶⡄⠀⣠⣾⣿⣿⣿⣥⣶⣶⣿⣿⣿⣿⣿⠿⠿⠛⠃⢰⣿⣿⣿⣿⣿⣿⣿⣿⣿⣿⣿⡄⢸⣿⣿⣿⣿⣿⣿⣿⣿⣿⣿⣿⡁⠈⢿⣿⣿⣿⣿⣿⣿⣿⣿⣿⣿⠁⠀⠀⠛⢿⣿⣿⣿⣿⣿⣿⡿⠟⠀⠀⠀⠀⠀⠉⠉⠉,명옥씨 힘의 근원이 마왕이라던가??,스텔라 좀 짠하다 원작에서는 착했던걸 보니 원래 착한 성격이였던것 같은데 스텔라한테 어른들과 교수가 압박감을 주기도 하고 그래서 나쁜 마음을 먹게 된 것 같은데.. 아무튼 루이스한테 빨리 사과했으면 좋겠다,백초크 걸렸을 때 턱으로 누르는 것도 아니고 어떻게 물었음?,마지막에 정원군 안쓰럽네....,끊는거 맛집이네ㅋㅋㅋ,급발진ㅋㅋㅋㅋㅋㅋㅋㅋㅋㅋㅋ 그런데 저 피지컬에 저 재력으로 저런말을 하니 아이구 너무 좋네요,선배파이긴 한데..저 선배 여친 없는건 맞겠지.. 찜찜함이 안사라지네..,이거 본다고 1주일을 기다렸다 ㅡㅡ 일단 선댓후감상 필수 ㅡㅡ,아... 값진 쿠키였다.. 😍,메티스는 포세이돈에게 지상맡긴게 진심으로 지상의 왕이 되주길 바란거 같고 제우스는 밑댓들처럼 포세이돈을 버리는 패로 생각한듯 왜냐면 포세이돈은 정치나 군림에 1도 관심없으니 포세이돈 보내도 나중에 필요없어져 버려도 상관없다 생각한걸지도...물론 제 생각일 뿐입니다,empty,하니눈나... 작가님 감사합니다.,아니 보고싶은데 못보니까 그렇지,프로작가가 털선 덜 쓴다고 칭찬받고 있네 ㅋㅋㅋ,마네가 각성하는 건가요 안대가 능력 쓰는 건가요 아무튼 존잼 ㅜㅜ,경민이 너무불쌍해ㅜㅜㅜ이게무슨..ㅜㅜ,이 웹툰은 참 다양한 사랑을 담고 있어서 좋아요,"옴니버스나 단편말고는 울컥하거나 캐릭터들이 변화하는 모습을 보고 따뜻해지는 스토리물들이 없었는데 매주 힘들었던 내 자신에게 주는 선물과도 같은 웹툰입니다.댓글 마저 따뜻한 웹툰이 조금 더 많은 사람들에게 읽히기를, 더 많은 독자들이 댓글로 서로의 감정을 교류하기를 바라는 마음입니다.",쌈독이라면 반전으로 이긴 뒤에 댓글창에 야 누가 싸하다고 했냐 이런 글 있을듯,지존검사 이미 멋있는거 다하고 각성도 다했는데 각성을 또 하겠음?,진짜 이진이 의리 ㄷㄷ,반이나 숙희가 아니라 지옥에 있는 문수를 살려와야지 ㅋㅋ,"패트릭은 결국엔 후계자 자리에 앉을거고.일호 이호는 패트릭은 우리의 영원한 대장 이런느낌으로 경호쪽으로 실장or기타등등 자리를 가지고.사회경험.센스가 부족한 패트릭을 보좌하는건 그 누가뭐래도 ""안닷무닷대"" 마지막은 4명의 해피엔딩 일거 같애",곱셈 추위 도랏낰ㅋㅋㅋㅋ,결혼은 에이몬이랑 블론디나가 하는게 어때?,사귀더라고 완결만 안나면 됨,작가님 나중에 이거 넷플릭스랑 계약하고 드라마 만들어주세여ㅠ,자기가 제일 절망하던 날을 다시 보면 억장 무너지겠네,진심으로 완결한다? 그럼 저 진짜로 어린애처럼 질질 짤 거예요...,영중이 준수 아끼던거 맞네 ㅋㅋ 준수 멋지다 생각하니 괜히 부러워서 시비틀고 다닌거였누,예술을 AI가 대체한다는 상상은 안해봤는데... 만일 창작자의 마음마저 완벽하게 분석해서 구성한 AI가 만들어진다면 그걸 더 이상 AI라고 부를 수 있나? 약간... 소름끼침,"에로스는 신화속에선 헤르메스 못지않은 상당한 장난꾸러기 신으로 나오는데, 여기선 든든한 조력자 역할을 하네요.",숨겨왔던 나의~,동생이 간후에 편히 맞을수있다고 한거보니까 저게 공략법은 맞는거같은데 맞아도 너무 맞는거아니냐..ㅠ,역시 전설보단 돈이 최고임,13화만에 여주가 자기 감정을 스스로 깨닫다니... 전개 겁나 시원시원해서 더 재밌음,헐 엄마 나 베댓 처음해봐요 엉엉,십대 고딩한테 업힌 100살 아저씨ㅋㅋㅋㅋㅋ,연극부:한우 먹으러 가자~~!!라율:소고기 사준다고 했지 한우 사준다고는 안 했는데 (정색),다 됐고 난 계명석
